dataset,f1,label,method,phase,precision,recall,seed,stage,support
dry_bean,0.9192307692307692,0,all_class_baseline,class_stage,0.93359375,0.9053030303030303,1001,0,264
dry_bean,1.0,1,all_class_baseline,class_stage,1.0,1.0,1001,0,105
dry_bean,0.9424242424242424,2,all_class_baseline,class_stage,0.9311377245508982,0.9539877300613497,1001,0,326
dry_bean,0.9231863442389758,3,all_class_baseline,class_stage,0.9324712643678161,0.9140845070422535,1001,0,710
dry_bean,0.9612817089452603,4,all_class_baseline,class_stage,0.9549071618037135,0.967741935483871,1001,0,372
dry_bean,0.9515527950310559,5,all_class_baseline,class_stage,0.9575,0.945679012345679,1001,0,405
dry_bean,0.8913857677902621,6,all_class_baseline,class_stage,0.8798521256931608,0.9032258064516129,1001,0,527
dry_bean,1.0,1,fixed_capacity_incremental,class_stage,1.0,1.0,1001,0,105
dry_bean,1.0,0,fixed_capacity_incremental,class_stage,1.0,1.0,1001,0,264
dry_bean,1.0,1,fixed_capacity_incremental,class_stage,1.0,1.0,1001,1,105
dry_bean,0.9485714285714286,0,fixed_capacity_incremental,class_stage,0.9540229885057471,0.9431818181818182,1001,1,264
dry_bean,0.9587786259541985,2,fixed_capacity_incremental,class_stage,0.9544072948328267,0.9631901840490797,1001,1,326
dry_bean,1.0,1,fixed_capacity_incremental,class_stage,1.0,1.0,1001,2,105
dry_bean,0.9418604651162791,0,fixed_capacity_incremental,class_stage,0.9642857142857143,0.9204545454545454,1001,2,264
dry_bean,0.9486404833836858,2,fixed_capacity_incremental,class_stage,0.9345238095238095,0.9631901840490797,1001,2,326
dry_bean,0.9865951742627346,4,fixed_capacity_incremental,class_stage,0.983957219251337,0.989247311827957,1001,2,372
dry_bean,1.0,1,fixed_capacity_incremental,class_stage,1.0,1.0,1001,3,105
dry_bean,0.9364161849710982,0,fixed_capacity_incremental,class_stage,0.9529411764705882,0.9204545454545454,1001,3,264
dry_bean,0.9468892261001517,2,fixed_capacity_incremental,class_stage,0.9369369369369369,0.9570552147239264,1001,3,326
dry_bean,0.9839142091152815,4,fixed_capacity_incremental,class_stage,0.9812834224598931,0.9865591397849462,1001,3,372
dry_bean,0.9901234567901235,5,fixed_capacity_incremental,class_stage,0.9901234567901235,0.9901234567901235,1001,3,405
dry_bean,1.0,1,fixed_capacity_incremental,class_stage,1.0,1.0,1001,4,105
dry_bean,0.9404990403071017,0,fixed_capacity_incremental,class_stage,0.953307392996109,0.928030303030303,1001,4,264
dry_bean,0.9516616314199395,2,fixed_capacity_incremental,class_stage,0.9375,0.9662576687116564,1001,4,326
dry_bean,0.9630642954856361,4,fixed_capacity_incremental,class_stage,0.9805013927576601,0.946236559139785,1001,4,372
dry_bean,0.9775561097256857,5,fixed_capacity_incremental,class_stage,0.9874055415617129,0.9679012345679012,1001,4,405
dry_bean,0.9626865671641791,6,fixed_capacity_incremental,class_stage,0.9467889908256881,0.9791271347248577,1001,4,527
dry_bean,1.0,1,fixed_capacity_incremental,class_stage,1.0,1.0,1001,5,105
dry_bean,0.9356060606060606,0,fixed_capacity_incremental,class_stage,0.9356060606060606,0.9356060606060606,1001,5,264
dry_bean,0.9539877300613497,2,fixed_capacity_incremental,class_stage,0.9539877300613497,0.9539877300613497,1001,5,326
dry_bean,0.959349593495935,4,fixed_capacity_incremental,class_stage,0.9672131147540983,0.9516129032258065,1001,5,372
dry_bean,0.9565217391304348,5,fixed_capacity_incremental,class_stage,0.9625,0.9506172839506173,1001,5,405
dry_bean,0.8970588235294118,6,fixed_capacity_incremental,class_stage,0.8698752228163993,0.9259962049335864,1001,5,527
dry_bean,0.9248389405869721,3,fixed_capacity_incremental,class_stage,0.9403202328966521,0.9098591549295775,1001,5,710
dry_bean,1.0,1,fixed_capacity_incremental,consolidation,1.0,1.0,1001,6,105
dry_bean,0.9391634980988594,0,fixed_capacity_incremental,consolidation,0.9427480916030534,0.9356060606060606,1001,6,264
dry_bean,0.9541284403669725,2,fixed_capacity_incremental,consolidation,0.9512195121951219,0.9570552147239264,1001,6,326
dry_bean,0.959349593495935,4,fixed_capacity_incremental,consolidation,0.9672131147540983,0.9516129032258065,1001,6,372
dry_bean,0.9579207920792079,5,fixed_capacity_incremental,consolidation,0.9602977667493796,0.9555555555555556,1001,6,405
dry_bean,0.9008498583569405,6,fixed_capacity_incremental,consolidation,0.8966165413533834,0.905123339658444,1001,6,527
dry_bean,0.9290231904427266,3,fixed_capacity_incremental,consolidation,0.9270687237026648,0.9309859154929577,1001,6,710
dry_bean,1.0,1,adaptive_capacity_incremental,class_stage,1.0,1.0,1001,0,105
dry_bean,1.0,0,adaptive_capacity_incremental,class_stage,1.0,1.0,1001,0,264
dry_bean,1.0,1,adaptive_capacity_incremental,class_stage,1.0,1.0,1001,1,105
dry_bean,0.944337811900192,0,adaptive_capacity_incremental,class_stage,0.9571984435797666,0.9318181818181818,1001,1,264
dry_bean,0.9559939301972686,2,adaptive_capacity_incremental,class_stage,0.9459459459459459,0.9662576687116564,1001,1,326
dry_bean,1.0,1,adaptive_capacity_incremental,class_stage,1.0,1.0,1001,2,105
dry_bean,0.9386973180076629,0,adaptive_capacity_incremental,class_stage,0.9496124031007752,0.928030303030303,1001,2,264
dry_bean,0.9435114503816794,2,adaptive_capacity_incremental,class_stage,0.939209726443769,0.9478527607361963,1001,2,326
dry_bean,0.9879518072289156,4,adaptive_capacity_incremental,class_stage,0.984,0.9919354838709677,1001,2,372
dry_bean,1.0,1,adaptive_capacity_incremental,class_stage,1.0,1.0,1001,3,105
dry_bean,0.9312977099236641,0,adaptive_capacity_incremental,class_stage,0.9384615384615385,0.9242424242424242,1001,3,264
dry_bean,0.9388379204892966,2,adaptive_capacity_incremental,class_stage,0.9359756097560976,0.941717791411043,1001,3,326
dry_bean,0.9853137516688919,4,adaptive_capacity_incremental,class_stage,0.9787798408488063,0.9919354838709677,1001,3,372
dry_bean,0.9913258983890955,5,adaptive_capacity_incremental,class_stage,0.9950248756218906,0.9876543209876543,1001,3,405
dry_bean,1.0,1,adaptive_capacity_incremental,class_stage,1.0,1.0,1001,4,105
dry_bean,0.9265536723163842,0,adaptive_capacity_incremental,class_stage,0.9213483146067416,0.9318181818181818,1001,4,264
dry_bean,0.9460708782742681,2,adaptive_capacity_incremental,class_stage,0.9504643962848297,0.941717791411043,1001,4,326
dry_bean,0.9621621621621622,4,adaptive_capacity_incremental,class_stage,0.967391304347826,0.956989247311828,1001,4,372
dry_bean,0.968789013732834,5,adaptive_capacity_incremental,class_stage,0.9797979797979798,0.9580246913580247,1001,4,405
dry_bean,0.9559512652296157,6,adaptive_capacity_incremental,class_stage,0.9444444444444444,0.967741935483871,1001,4,527
dry_bean,1.0,1,adaptive_capacity_incremental,class_stage,1.0,1.0,1001,5,105
dry_bean,0.9365671641791045,0,adaptive_capacity_incremental,class_stage,0.9227941176470589,0.9507575757575758,1001,5,264
dry_bean,0.9415384615384615,2,adaptive_capacity_incremental,class_stage,0.9444444444444444,0.9386503067484663,1001,5,326
dry_bean,0.9552238805970149,4,adaptive_capacity_incremental,class_stage,0.9643835616438357,0.946236559139785,1001,5,372
dry_bean,0.9539227895392279,5,adaptive_capacity_incremental,class_stage,0.9623115577889447,0.945679012345679,1001,5,405
dry_bean,0.9020332717190388,6,adaptive_capacity_incremental,class_stage,0.8792792792792793,0.9259962049335864,1001,5,527
dry_bean,0.9271428571428572,3,adaptive_capacity_incremental,class_stage,0.9405797101449276,0.9140845070422535,1001,5,710
dry_bean,1.0,1,adaptive_capacity_incremental,consolidation,1.0,1.0,1001,6,105
dry_bean,0.9312977099236641,0,adaptive_capacity_incremental,consolidation,0.9384615384615385,0.9242424242424242,1001,6,264
dry_bean,0.948170731707317,2,adaptive_capacity_incremental,consolidation,0.9424242424242424,0.9539877300613497,1001,6,326
dry_bean,0.9609690444145357,4,adaptive_capacity_incremental,consolidation,0.9622641509433962,0.9596774193548387,1001,6,372
dry_bean,0.9597989949748744,5,adaptive_capacity_incremental,consolidation,0.9769820971867008,0.9432098765432099,1001,6,405
dry_bean,0.9018518518518519,6,adaptive_capacity_incremental,consolidation,0.8806509945750453,0.9240986717267552,1001,6,527
dry_bean,0.9297374024130589,3,adaptive_capacity_incremental,consolidation,0.9370529327610873,0.9225352112676056,1001,6,710
dry_bean,0.9305816135084428,0,all_class_baseline,class_stage,0.9219330855018587,0.9393939393939394,1002,0,264
dry_bean,1.0,1,all_class_baseline,class_stage,1.0,1.0,1002,0,105
dry_bean,0.942457231726283,2,all_class_baseline,class_stage,0.9558359621451105,0.9294478527607362,1002,0,326
dry_bean,0.9243697478991597,3,all_class_baseline,class_stage,0.9192200557103064,0.9295774647887324,1002,0,710
dry_bean,0.9552238805970149,4,all_class_baseline,class_stage,0.9643835616438357,0.946236559139785,1002,0,372
dry_bean,0.9592088998763906,5,all_class_baseline,class_stage,0.9603960396039604,0.9580246913580247,1002,0,405
dry_bean,0.8998109640831758,6,all_class_baseline,class_stage,0.896421845574388,0.9032258064516129,1002,0,527
dry_bean,1.0,1,fixed_capacity_incremental,class_stage,1.0,1.0,1002,0,105
dry_bean,1.0,0,fixed_capacity_incremental,class_stage,1.0,1.0,1002,0,264
dry_bean,1.0,1,fixed_capacity_incremental,class_stage,1.0,1.0,1002,1,105
dry_bean,0.9473684210526315,0,fixed_capacity_incremental,class_stage,0.9402985074626866,0.9545454545454546,1002,1,264
dry_bean,0.9567901234567902,2,fixed_capacity_incremental,class_stage,0.9627329192546584,0.950920245398773,1002,1,326
dry_bean,1.0,1,fixed_capacity_incremental,class_stage,1.0,1.0,1002,2,105
dry_bean,0.937984496124031,0,fixed_capacity_incremental,class_stage,0.9603174603174603,0.9166666666666666,1002,2,264
dry_bean,0.947209653092006,2,fixed_capacity_incremental,class_stage,0.9317507418397626,0.9631901840490797,1002,2,326
dry_bean,0.9879194630872483,4,fixed_capacity_incremental,class_stage,0.9865951742627346,0.989247311827957,1002,2,372
dry_bean,1.0,1,fixed_capacity_incremental,class_stage,1.0,1.0,1002,3,105
dry_bean,0.941398865784499,0,fixed_capacity_incremental,class_stage,0.939622641509434,0.9431818181818182,1002,3,264
dry_bean,0.9528158295281582,2,fixed_capacity_incremental,class_stage,0.945619335347432,0.9601226993865031,1002,3,326
dry_bean,0.9851551956815114,4,fixed_capacity_incremental,class_stage,0.989159891598916,0.9811827956989247,1002,3,372
dry_bean,0.9913258983890955,5,fixed_capacity_incremental,class_stage,0.9950248756218906,0.9876543209876543,1002,3,405
dry_bean,1.0,1,fixed_capacity_incremental,class_stage,1.0,1.0,1002,4,105
dry_bean,0.9295238095238095,0,fixed_capacity_incremental,class_stage,0.9348659003831418,0.9242424242424242,1002,4,264
dry_bean,0.9542682926829268,2,fixed_capacity_incremental,class_stage,0.9484848484848485,0.9601226993865031,1002,4,326
dry_bean,0.9718120805369127,4,fixed_capacity_incremental,class_stage,0.9705093833780161,0.9731182795698925,1002,4,372
dry_bean,0.9750623441396509,5,fixed_capacity_incremental,class_stage,0.9848866498740554,0.9654320987654321,1002,4,405
dry_bean,0.9660377358490566,6,fixed_capacity_incremental,class_stage,0.9606003752345216,0.9715370018975332,1002,4,527
dry_bean,1.0,1,fixed_capacity_incremental,class_stage,1.0,1.0,1002,5,105
dry_bean,0.9389312977099237,0,fixed_capacity_incremental,class_stage,0.9461538461538461,0.9318181818181818,1002,5,264
dry_bean,0.9558599695585996,2,fixed_capacity_incremental,class_stage,0.9486404833836858,0.9631901840490797,1002,5,326
dry_bean,0.9644808743169399,4,fixed_capacity_incremental,class_stage,0.9805555555555555,0.9489247311827957,1002,5,372
dry_bean,0.9568434032059187,5,fixed_capacity_incremental,class_stage,0.9556650246305419,0.9580246913580247,1002,5,405
dry_bean,0.9035250463821892,6,fixed_capacity_incremental,class_stage,0.8838475499092558,0.9240986717267552,1002,5,527
dry_bean,0.930298719772404,3,fixed_capacity_incremental,class_stage,0.9396551724137931,0.9211267605633803,1002,5,710
dry_bean,1.0,1,fixed_capacity_incremental,consolidation,1.0,1.0,1002,6,105
dry_bean,0.9389312977099237,0,fixed_capacity_incremental,consolidation,0.9461538461538461,0.9318181818181818,1002,6,264
dry_bean,0.9558599695585996,2,fixed_capacity_incremental,consolidation,0.9486404833836858,0.9631901840490797,1002,6,326
dry_bean,0.9644808743169399,4,fixed_capacity_incremental,consolidation,0.9805555555555555,0.9489247311827957,1002,6,372
dry_bean,0.9568434032059187,5,fixed_capacity_incremental,consolidation,0.9556650246305419,0.9580246913580247,1002,6,405
dry_bean,0.9035250463821892,6,fixed_capacity_incremental,consolidation,0.8838475499092558,0.9240986717267552,1002,6,527
dry_bean,0.930298719772404,3,fixed_capacity_incremental,consolidation,0.9396551724137931,0.9211267605633803,1002,6,710
dry_bean,1.0,1,adaptive_capacity_incremental,class_stage,1.0,1.0,1002,0,105
dry_bean,1.0,0,adaptive_capacity_incremental,class_stage,1.0,1.0,1002,0,264
dry_bean,1.0,1,adaptive_capacity_incremental,class_stage,1.0,1.0,1002,1,105
dry_bean,0.944337811900192,0,adaptive_capacity_incremental,class_stage,0.9571984435797666,0.9318181818181818,1002,1,264
dry_bean,0.9559939301972686,2,adaptive_capacity_incremental,class_stage,0.9459459459459459,0.9662576687116564,1002,1,326
dry_bean,1.0,1,adaptive_capacity_incremental,class_stage,1.0,1.0,1002,2,105
dry_bean,0.9389312977099237,0,adaptive_capacity_incremental,class_stage,0.9461538461538461,0.9318181818181818,1002,2,264
dry_bean,0.944954128440367,2,adaptive_capacity_incremental,class_stage,0.9420731707317073,0.9478527607361963,1002,2,326
dry_bean,0.9865951742627346,4,adaptive_capacity_incremental,class_stage,0.983957219251337,0.989247311827957,1002,2,372
dry_bean,1.0,1,adaptive_capacity_incremental,class_stage,1.0,1.0,1002,3,105
dry_bean,0.9274809160305344,0,adaptive_capacity_incremental,class_stage,0.9346153846153846,0.9204545454545454,1002,3,264
dry_bean,0.9402756508422665,2,adaptive_capacity_incremental,class_stage,0.9388379204892966,0.941717791411043,1002,3,326
dry_bean,0.9866666666666667,4,adaptive_capacity_incremental,class_stage,0.9788359788359788,0.9946236559139785,1002,3,372
dry_bean,0.9863692688971499,5,adaptive_capacity_incremental,class_stage,0.9900497512437811,0.9827160493827161,1002,3,405
dry_bean,1.0,1,adaptive_capacity_incremental,class_stage,1.0,1.0,1002,4,105
dry_bean,0.924812030075188,0,adaptive_capacity_incremental,class_stage,0.917910447761194,0.9318181818181818,1002,4,264
dry_bean,0.9444444444444444,2,adaptive_capacity_incremental,class_stage,0.9503105590062112,0.9386503067484663,1002,4,326
dry_bean,0.9621621621621622,4,adaptive_capacity_incremental,class_stage,0.967391304347826,0.956989247311828,1002,4,372
dry_bean,0.97,5,adaptive_capacity_incremental,class_stage,0.9822784810126582,0.9580246913580247,1002,4,405
dry_bean,0.9569288389513109,6,adaptive_capacity_incremental,class_stage,0.944547134935305,0.969639468690702,1002,4,527
dry_bean,1.0,1,adaptive_capacity_incremental,class_stage,1.0,1.0,1002,5,105
dry_bean,0.931098696461825,0,adaptive_capacity_incremental,class_stage,0.9157509157509157,0.946969696969697,1002,5,264
dry_bean,0.9426356589147287,2,adaptive_capacity_incremental,class_stage,0.9529780564263323,0.9325153374233128,1002,5,326
dry_bean,0.9583892617449664,4,adaptive_capacity_incremental,class_stage,0.9571045576407506,0.9596774193548387,1002,5,372
dry_bean,0.9588014981273408,5,adaptive_capacity_incremental,class_stage,0.9696969696969697,0.9481481481481482,1002,5,405
dry_bean,0.897003745318352,6,adaptive_capacity_incremental,class_stage,0.8853974121996303,0.9089184060721063,1002,5,527
dry_bean,0.9305949008498584,3,adaptive_capacity_incremental,class_stage,0.9358974358974359,0.9253521126760563,1002,5,710
dry_bean,1.0,1,adaptive_capacity_incremental,consolidation,1.0,1.0,1002,6,105
dry_bean,0.9297912713472486,0,adaptive_capacity_incremental,consolidation,0.9315589353612167,0.928030303030303,1002,6,264
dry_bean,0.9447852760736196,2,adaptive_capacity_incremental,consolidation,0.9447852760736196,0.9447852760736196,1002,6,326
dry_bean,0.9634641407307172,4,adaptive_capacity_incremental,consolidation,0.9700272479564033,0.956989247311828,1002,6,372
dry_bean,0.958128078817734,5,adaptive_capacity_incremental,consolidation,0.9557739557739557,0.9604938271604938,1002,6,405
dry_bean,0.9014084507042254,6,adaptive_capacity_incremental,consolidation,0.8921933085501859,0.9108159392789373,1002,6,527
dry_bean,0.9271054493984431,3,adaptive_capacity_incremental,consolidation,0.9317211948790897,0.9225352112676056,1002,6,710
dry_bean,0.9300567107750473,0,all_class_baseline,class_stage,0.9283018867924528,0.9318181818181818,1003,0,264
dry_bean,1.0,1,all_class_baseline,class_stage,1.0,1.0,1003,0,105
dry_bean,0.9489953632148377,2,all_class_baseline,class_stage,0.956386292834891,0.941717791411043,1003,0,326
dry_bean,0.926657263751763,3,all_class_baseline,class_stage,0.9279661016949152,0.9253521126760563,1003,0,710
dry_bean,0.9634641407307172,4,all_class_baseline,class_stage,0.9700272479564033,0.956989247311828,1003,0,372
dry_bean,0.9567367119901112,5,all_class_baseline,class_stage,0.9579207920792079,0.9555555555555556,1003,0,405
dry_bean,0.9024390243902439,6,all_class_baseline,class_stage,0.8923933209647495,0.9127134724857685,1003,0,527
dry_bean,1.0,1,fixed_capacity_incremental,class_stage,1.0,1.0,1003,0,105
dry_bean,1.0,0,fixed_capacity_incremental,class_stage,1.0,1.0,1003,0,264
dry_bean,1.0,1,fixed_capacity_incremental,class_stage,1.0,1.0,1003,1,105
dry_bean,0.9538461538461539,0,fixed_capacity_incremental,class_stage,0.96875,0.9393939393939394,1003,1,264
dry_bean,0.9636363636363636,2,fixed_capacity_incremental,class_stage,0.9520958083832335,0.9754601226993865,1003,1,326
dry_bean,1.0,1,fixed_capacity_incremental,class_stage,1.0,1.0,1003,2,105
dry_bean,0.9483747609942639,0,fixed_capacity_incremental,class_stage,0.9575289575289575,0.9393939393939394,1003,2,264
dry_bean,0.9493087557603687,2,fixed_capacity_incremental,class_stage,0.9507692307692308,0.9478527607361963,1003,2,326
dry_bean,0.984,4,fixed_capacity_incremental,class_stage,0.9761904761904762,0.9919354838709677,1003,2,372
dry_bean,1.0,1,fixed_capacity_incremental,class_stage,1.0,1.0,1003,3,105
dry_bean,0.9382239382239382,0,fixed_capacity_incremental,class_stage,0.9566929133858267,0.9204545454545454,1003,3,264
dry_bean,0.9452887537993921,2,fixed_capacity_incremental,class_stage,0.9367469879518072,0.9539877300613497,1003,3,326
dry_bean,0.9853528628495339,4,fixed_capacity_incremental,class_stage,0.9762532981530343,0.9946236559139785,1003,3,372
dry_bean,0.9888475836431226,5,fixed_capacity_incremental,class_stage,0.9925373134328358,0.9851851851851852,1003,3,405
dry_bean,1.0,1,fixed_capacity_incremental,class_stage,1.0,1.0,1003,4,105
dry_bean,0.9356060606060606,0,fixed_capacity_incremental,class_stage,0.9356060606060606,0.9356060606060606,1003,4,264
dry_bean,0.9460708782742681,2,fixed_capacity_incremental,class_stage,0.9504643962848297,0.941717791411043,1003,4,326
dry_bean,0.9666221628838452,4,fixed_capacity_incremental,class_stage,0.9602122015915119,0.9731182795698925,1003,4,372
dry_bean,0.975,5,fixed_capacity_incremental,class_stage,0.9873417721518988,0.9629629629629629,1003,4,405
dry_bean,0.9623352165725048,6,fixed_capacity_incremental,class_stage,0.9551401869158879,0.969639468690702,1003,4,527
dry_bean,1.0,1,fixed_capacity_incremental,class_stage,1.0,1.0,1003,5,105
dry_bean,0.945179584120983,0,fixed_capacity_incremental,class_stage,0.9433962264150944,0.946969696969697,1003,5,264
dry_bean,0.9601226993865031,2,fixed_capacity_incremental,class_stage,0.9601226993865031,0.9601226993865031,1003,5,326
dry_bean,0.9634641407307172,4,fixed_capacity_incremental,class_stage,0.9700272479564033,0.956989247311828,1003,5,372
dry_bean,0.9554455445544554,5,fixed_capacity_incremental,class_stage,0.9578163771712159,0.9530864197530864,1003,5,405
dry_bean,0.904363974001857,6,fixed_capacity_incremental,class_stage,0.8854545454545455,0.9240986717267552,1003,5,527
dry_bean,0.9308624376336422,3,fixed_capacity_incremental,class_stage,0.9422799422799423,0.9197183098591549,1003,5,710
dry_bean,1.0,1,fixed_capacity_incremental,consolidation,1.0,1.0,1003,6,105
dry_bean,0.945179584120983,0,fixed_capacity_incremental,consolidation,0.9433962264150944,0.946969696969697,1003,6,264
dry_bean,0.9601226993865031,2,fixed_capacity_incremental,consolidation,0.9601226993865031,0.9601226993865031,1003,6,326
dry_bean,0.9634641407307172,4,fixed_capacity_incremental,consolidation,0.9700272479564033,0.956989247311828,1003,6,372
dry_bean,0.9554455445544554,5,fixed_capacity_incremental,consolidation,0.9578163771712159,0.9530864197530864,1003,6,405
dry_bean,0.904363974001857,6,fixed_capacity_incremental,consolidation,0.8854545454545455,0.9240986717267552,1003,6,527
dry_bean,0.9308624376336422,3,fixed_capacity_incremental,consolidation,0.9422799422799423,0.9197183098591549,1003,6,710
dry_bean,1.0,1,adaptive_capacity_incremental,class_stage,1.0,1.0,1003,0,105
dry_bean,1.0,0,adaptive_capacity_incremental,class_stage,1.0,1.0,1003,0,264
dry_bean,1.0,1,adaptive_capacity_incremental,class_stage,1.0,1.0,1003,1,105
dry_bean,0.944337811900192,0,adaptive_capacity_incremental,class_stage,0.9571984435797666,0.9318181818181818,1003,1,264
dry_bean,0.9559939301972686,2,adaptive_capacity_incremental,class_stage,0.9459459459459459,0.9662576687116564,1003,1,326
dry_bean,1.0,1,adaptive_capacity_incremental,class_stage,1.0,1.0,1003,2,105
dry_bean,0.9386973180076629,0,adaptive_capacity_incremental,class_stage,0.9496124031007752,0.928030303030303,1003,2,264
dry_bean,0.944954128440367,2,adaptive_capacity_incremental,class_stage,0.9420731707317073,0.9478527607361963,1003,2,326
dry_bean,0.9893048128342246,4,adaptive_capacity_incremental,class_stage,0.9840425531914894,0.9946236559139785,1003,2,372
dry_bean,1.0,1,adaptive_capacity_incremental,class_stage,1.0,1.0,1003,3,105
dry_bean,0.9289827255278311,0,adaptive_capacity_incremental,class_stage,0.9416342412451362,0.9166666666666666,1003,3,264
dry_bean,0.9440242057488654,2,adaptive_capacity_incremental,class_stage,0.9313432835820895,0.9570552147239264,1003,3,326
dry_bean,0.9879518072289156,4,adaptive_capacity_incremental,class_stage,0.984,0.9919354838709677,1003,3,372
dry_bean,0.9888198757763975,5,adaptive_capacity_incremental,class_stage,0.995,0.9827160493827161,1003,3,405
dry_bean,1.0,1,adaptive_capacity_incremental,class_stage,1.0,1.0,1003,4,105
dry_bean,0.9265536723163842,0,adaptive_capacity_incremental,class_stage,0.9213483146067416,0.9318181818181818,1003,4,264
dry_bean,0.9431643625192012,2,adaptive_capacity_incremental,class_stage,0.9446153846153846,0.941717791411043,1003,4,326
dry_bean,0.9608636977058029,4,adaptive_capacity_incremental,class_stage,0.964769647696477,0.956989247311828,1003,4,372
dry_bean,0.9699248120300752,5,adaptive_capacity_incremental,class_stage,0.9847328244274809,0.9555555555555556,1003,4,405
dry_bean,0.9578256794751641,6,adaptive_capacity_incremental,class_stage,0.9462962962962963,0.969639468690702,1003,4,527
dry_bean,1.0,1,adaptive_capacity_incremental,class_stage,1.0,1.0,1003,5,105
dry_bean,0.9265536723163842,0,adaptive_capacity_incremental,class_stage,0.9213483146067416,0.9318181818181818,1003,5,264
dry_bean,0.946236559139785,2,adaptive_capacity_incremental,class_stage,0.9476923076923077,0.9447852760736196,1003,5,326
dry_bean,0.9624664879356568,4,adaptive_capacity_incremental,class_stage,0.9598930481283422,0.9650537634408602,1003,5,372
dry_bean,0.9560853199498118,5,adaptive_capacity_incremental,class_stage,0.9719387755102041,0.9407407407407408,1003,5,405
dry_bean,0.9013824884792627,6,adaptive_capacity_incremental,class_stage,0.8763440860215054,0.9278937381404174,1003,5,527
dry_bean,0.932761087267525,3,adaptive_capacity_incremental,class_stage,0.9476744186046512,0.9183098591549296,1003,5,710
dry_bean,1.0,1,adaptive_capacity_incremental,consolidation,1.0,1.0,1003,6,105
dry_bean,0.9265536723163842,0,adaptive_capacity_incremental,consolidation,0.9213483146067416,0.9318181818181818,1003,6,264
dry_bean,0.946236559139785,2,adaptive_capacity_incremental,consolidation,0.9476923076923077,0.9447852760736196,1003,6,326
dry_bean,0.9624664879356568,4,adaptive_capacity_incremental,consolidation,0.9598930481283422,0.9650537634408602,1003,6,372
dry_bean,0.9560853199498118,5,adaptive_capacity_incremental,consolidation,0.9719387755102041,0.9407407407407408,1003,6,405
dry_bean,0.9013824884792627,6,adaptive_capacity_incremental,consolidation,0.8763440860215054,0.9278937381404174,1003,6,527
dry_bean,0.932761087267525,3,adaptive_capacity_incremental,consolidation,0.9476744186046512,0.9183098591549296,1003,6,710
dry_bean,0.9253731343283582,0,all_class_baseline,class_stage,0.9117647058823529,0.9393939393939394,1004,0,264
dry_bean,1.0,1,all_class_baseline,class_stage,1.0,1.0,1004,0,105
dry_bean,0.9442724458204335,2,all_class_baseline,class_stage,0.953125,0.9355828220858896,1004,0,326
dry_bean,0.925160370634355,3,all_class_baseline,class_stage,0.9365079365079365,0.9140845070422535,1004,0,710
dry_bean,0.9564032697547684,4,all_class_baseline,class_stage,0.9696132596685083,0.9435483870967742,1004,0,372
dry_bean,0.9523809523809523,5,all_class_baseline,class_stage,0.9669211195928753,0.9382716049382716,1004,0,405
dry_bean,0.8945921173235564,6,all_class_baseline,class_stage,0.8652482269503546,0.9259962049335864,1004,0,527
dry_bean,1.0,1,fixed_capacity_incremental,class_stage,1.0,1.0,1004,0,105
dry_bean,1.0,0,fixed_capacity_incremental,class_stage,1.0,1.0,1004,0,264
dry_bean,1.0,1,fixed_capacity_incremental,class_stage,1.0,1.0,1004,1,105
dry_bean,0.946969696969697,0,fixed_capacity_incremental,class_stage,0.946969696969697,0.946969696969697,1004,1,264
dry_bean,0.9570552147239264,2,fixed_capacity_incremental,class_stage,0.9570552147239264,0.9570552147239264,1004,1,326
dry_bean,1.0,1,fixed_capacity_incremental,class_stage,1.0,1.0,1004,2,105
dry_bean,0.9436893203883495,0,fixed_capacity_incremental,class_stage,0.9681274900398407,0.9204545454545454,1004,2,264
dry_bean,0.9484848484848485,2,fixed_capacity_incremental,class_stage,0.937125748502994,0.9601226993865031,1004,2,326
dry_bean,0.9879839786381842,4,fixed_capacity_incremental,class_stage,0.9814323607427056,0.9946236559139785,1004,2,372
dry_bean,1.0,1,fixed_capacity_incremental,class_stage,1.0,1.0,1004,3,105
dry_bean,0.9364161849710982,0,fixed_capacity_incremental,class_stage,0.9529411764705882,0.9204545454545454,1004,3,264
dry_bean,0.9435114503816794,2,fixed_capacity_incremental,class_stage,0.939209726443769,0.9478527607361963,1004,3,326
dry_bean,0.9866666666666667,4,fixed_capacity_incremental,class_stage,0.9788359788359788,0.9946236559139785,1004,3,372
dry_bean,0.9925925925925926,5,fixed_capacity_incremental,class_stage,0.9925925925925926,0.9925925925925926,1004,3,405
dry_bean,1.0,1,fixed_capacity_incremental,class_stage,1.0,1.0,1004,4,105
dry_bean,0.9393939393939394,0,fixed_capacity_incremental,class_stage,0.9393939393939394,0.9393939393939394,1004,4,264
dry_bean,0.9468892261001517,2,fixed_capacity_incremental,class_stage,0.9369369369369369,0.9570552147239264,1004,4,326
dry_bean,0.9646739130434783,4,fixed_capacity_incremental,class_stage,0.9752747252747253,0.9543010752688172,1004,4,372
dry_bean,0.9752475247524752,5,fixed_capacity_incremental,class_stage,0.9776674937965261,0.9728395061728395,1004,4,405
dry_bean,0.9631031220435194,6,fixed_capacity_incremental,class_stage,0.960377358490566,0.9658444022770398,1004,4,527
dry_bean,1.0,1,fixed_capacity_incremental,class_stage,1.0,1.0,1004,5,105
dry_bean,0.9348659003831418,0,fixed_capacity_incremental,class_stage,0.9457364341085271,0.9242424242424242,1004,5,264
dry_bean,0.952959028831563,2,fixed_capacity_incremental,class_stage,0.9429429429429429,0.9631901840490797,1004,5,326
dry_bean,0.9618528610354223,4,fixed_capacity_incremental,class_stage,0.9751381215469613,0.9489247311827957,1004,5,372
dry_bean,0.9555555555555556,5,fixed_capacity_incremental,class_stage,0.9555555555555556,0.9555555555555556,1004,5,405
dry_bean,0.9007352941176471,6,fixed_capacity_incremental,class_stage,0.8734402852049911,0.9297912713472486,1004,5,527
dry_bean,0.9290322580645162,3,fixed_capacity_incremental,class_stage,0.945985401459854,0.9126760563380282,1004,5,710
dry_bean,1.0,1,fixed_capacity_incremental,consolidation,1.0,1.0,1004,6,105
dry_bean,0.9407265774378585,0,fixed_capacity_incremental,consolidation,0.9498069498069498,0.9318181818181818,1004,6,264
dry_bean,0.9587786259541985,2,fixed_capacity_incremental,consolidation,0.9544072948328267,0.9631901840490797,1004,6,326
dry_bean,0.964769647696477,4,fixed_capacity_incremental,consolidation,0.9726775956284153,0.956989247311828,1004,6,372
dry_bean,0.9557739557739557,5,fixed_capacity_incremental,consolidation,0.9511002444987775,0.9604938271604938,1004,6,405
dry_bean,0.9034090909090909,6,fixed_capacity_incremental,consolidation,0.9017013232514177,0.905123339658444,1004,6,527
dry_bean,0.9310829817158931,3,fixed_capacity_incremental,consolidation,0.9297752808988764,0.9323943661971831,1004,6,710
dry_bean,1.0,1,adaptive_capacity_incremental,class_stage,1.0,1.0,1004,0,105
dry_bean,1.0,0,adaptive_capacity_incremental,class_stage,1.0,1.0,1004,0,264
dry_bean,1.0,1,adaptive_capacity_incremental,class_stage,1.0,1.0,1004,1,105
dry_bean,0.944337811900192,0,adaptive_capacity_incremental,class_stage,0.9571984435797666,0.9318181818181818,1004,1,264
dry_bean,0.9559939301972686,2,adaptive_capacity_incremental,class_stage,0.9459459459459459,0.9662576687116564,1004,1,326
dry_bean,1.0,1,adaptive_capacity_incremental,class_stage,1.0,1.0,1004,2,105
dry_bean,0.9369024856596558,0,adaptive_capacity_incremental,class_stage,0.9459459459459459,0.928030303030303,1004,2,264
dry_bean,0.944954128440367,2,adaptive_capacity_incremental,class_stage,0.9420731707317073,0.9478527607361963,1004,2,326
dry_bean,0.9852744310575636,4,adaptive_capacity_incremental,class_stage,0.9813333333333333,0.989247311827957,1004,2,372
dry_bean,1.0,1,adaptive_capacity_incremental,class_stage,1.0,1.0,1004,3,105
dry_bean,0.9315589353612167,0,adaptive_capacity_incremental,class_stage,0.9351145038167938,0.928030303030303,1004,3,264
dry_bean,0.9433384379785605,2,adaptive_capacity_incremental,class_stage,0.9418960244648318,0.9447852760736196,1004,3,326
dry_bean,0.9866310160427807,4,adaptive_capacity_incremental,class_stage,0.9813829787234043,0.9919354838709677,1004,3,372
dry_bean,0.9863692688971499,5,adaptive_capacity_incremental,class_stage,0.9900497512437811,0.9827160493827161,1004,3,405
dry_bean,1.0,1,adaptive_capacity_incremental,class_stage,1.0,1.0,1004,4,105
dry_bean,0.924812030075188,0,adaptive_capacity_incremental,class_stage,0.917910447761194,0.9318181818181818,1004,4,264
dry_bean,0.9444444444444444,2,adaptive_capacity_incremental,class_stage,0.9503105590062112,0.9386503067484663,1004,4,326
dry_bean,0.9621621621621622,4,adaptive_capacity_incremental,class_stage,0.967391304347826,0.956989247311828,1004,4,372
dry_bean,0.97,5,adaptive_capacity_incremental,class_stage,0.9822784810126582,0.9580246913580247,1004,4,405
dry_bean,0.9569288389513109,6,adaptive_capacity_incremental,class_stage,0.944547134935305,0.969639468690702,1004,4,527
dry_bean,1.0,1,adaptive_capacity_incremental,class_stage,1.0,1.0,1004,5,105
dry_bean,0.9330783938814532,0,adaptive_capacity_incremental,class_stage,0.9420849420849421,0.9242424242424242,1004,5,264
dry_bean,0.9528158295281582,2,adaptive_capacity_incremental,class_stage,0.945619335347432,0.9601226993865031,1004,5,326
dry_bean,0.959349593495935,4,adaptive_capacity_incremental,class_stage,0.9672131147540983,0.9516129032258065,1004,5,372
dry_bean,0.9590062111801242,5,adaptive_capacity_incremental,class_stage,0.965,0.9530864197530864,1004,5,405
dry_bean,0.9015639374425023,6,adaptive_capacity_incremental,class_stage,0.875,0.9297912713472486,1004,5,527
dry_bean,0.9284692417739628,3,adaptive_capacity_incremental,class_stage,0.9433139534883721,0.9140845070422535,1004,5,710
dry_bean,1.0,1,adaptive_capacity_incremental,consolidation,1.0,1.0,1004,6,105
dry_bean,0.9371428571428572,0,adaptive_capacity_incremental,consolidation,0.9425287356321839,0.9318181818181818,1004,6,264
dry_bean,0.9523809523809523,2,adaptive_capacity_incremental,consolidation,0.9538461538461539,0.950920245398773,1004,6,326
dry_bean,0.9662618083670715,4,adaptive_capacity_incremental,consolidation,0.9701897018970189,0.9623655913978495,1004,6,372
dry_bean,0.9568434032059187,5,adaptive_capacity_incremental,consolidation,0.9556650246305419,0.9580246913580247,1004,6,405
dry_bean,0.902283105022831,6,adaptive_capacity_incremental,consolidation,0.8697183098591549,0.937381404174573,1004,6,527
dry_bean,0.9270758122743682,3,adaptive_capacity_incremental,consolidation,0.9511111111111111,0.9042253521126761,1004,6,710
dry_bean,0.9295238095238095,0,all_class_baseline,class_stage,0.9348659003831418,0.9242424242424242,1005,0,264
dry_bean,1.0,1,all_class_baseline,class_stage,1.0,1.0,1005,0,105
dry_bean,0.9476923076923077,2,all_class_baseline,class_stage,0.9506172839506173,0.9447852760736196,1005,0,326
dry_bean,0.9278642149929278,3,all_class_baseline,class_stage,0.9318181818181818,0.923943661971831,1005,0,710
dry_bean,0.9612817089452603,4,all_class_baseline,class_stage,0.9549071618037135,0.967741935483871,1005,0,372
dry_bean,0.957286432160804,5,all_class_baseline,class_stage,0.9744245524296675,0.9407407407407408,1005,0,405
dry_bean,0.8957169459962756,6,all_class_baseline,class_stage,0.8793418647166362,0.9127134724857685,1005,0,527
dry_bean,1.0,1,fixed_capacity_incremental,class_stage,1.0,1.0,1005,0,105
dry_bean,1.0,0,fixed_capacity_incremental,class_stage,1.0,1.0,1005,0,264
dry_bean,1.0,1,fixed_capacity_incremental,class_stage,1.0,1.0,1005,1,105
dry_bean,0.9427480916030534,0,fixed_capacity_incremental,class_stage,0.95,0.9356060606060606,1005,1,264
dry_bean,0.9542682926829268,2,fixed_capacity_incremental,class_stage,0.9484848484848485,0.9601226993865031,1005,1,326
dry_bean,1.0,1,fixed_capacity_incremental,class_stage,1.0,1.0,1005,2,105
dry_bean,0.9475728155339805,0,fixed_capacity_incremental,class_stage,0.9721115537848606,0.9242424242424242,1005,2,264
dry_bean,0.9513677811550152,2,fixed_capacity_incremental,class_stage,0.9427710843373494,0.9601226993865031,1005,2,326
dry_bean,0.9853528628495339,4,fixed_capacity_incremental,class_stage,0.9762532981530343,0.9946236559139785,1005,2,372
dry_bean,1.0,1,fixed_capacity_incremental,class_stage,1.0,1.0,1005,3,105
dry_bean,0.9420849420849421,0,fixed_capacity_incremental,class_stage,0.9606299212598425,0.9242424242424242,1005,3,264
dry_bean,0.9512195121951219,2,fixed_capacity_incremental,class_stage,0.9454545454545454,0.9570552147239264,1005,3,326
dry_bean,0.9840425531914894,4,fixed_capacity_incremental,class_stage,0.9736842105263158,0.9946236559139785,1005,3,372
dry_bean,0.9925742574257426,5,fixed_capacity_incremental,class_stage,0.9950372208436724,0.9901234567901235,1005,3,405
dry_bean,1.0,1,fixed_capacity_incremental,class_stage,1.0,1.0,1005,4,105
dry_bean,0.9420849420849421,0,fixed_capacity_incremental,class_stage,0.9606299212598425,0.9242424242424242,1005,4,264
dry_bean,0.9573170731707317,2,fixed_capacity_incremental,class_stage,0.9515151515151515,0.9631901840490797,1005,4,326
dry_bean,0.9622641509433962,4,fixed_capacity_incremental,class_stage,0.9648648648648649,0.9596774193548387,1005,4,372
dry_bean,0.973651191969887,5,fixed_capacity_incremental,class_stage,0.9897959183673469,0.9580246913580247,1005,4,405
dry_bean,0.958139534883721,6,fixed_capacity_incremental,class_stage,0.9397810218978102,0.9772296015180265,1005,4,527
dry_bean,1.0,1,fixed_capacity_incremental,class_stage,1.0,1.0,1005,5,105
dry_bean,0.9411764705882353,0,fixed_capacity_incremental,class_stage,0.9429657794676806,0.9393939393939394,1005,5,264
dry_bean,0.9526717557251908,2,fixed_capacity_incremental,class_stage,0.9483282674772037,0.9570552147239264,1005,5,326
dry_bean,0.9574759945130316,4,fixed_capacity_incremental,class_stage,0.9775910364145658,0.9381720430107527,1005,5,372
dry_bean,0.9535759096612296,5,fixed_capacity_incremental,class_stage,0.9693877551020408,0.9382716049382716,1005,5,405
dry_bean,0.8957952468007313,6,fixed_capacity_incremental,class_stage,0.8641975308641975,0.9297912713472486,1005,5,527
dry_bean,0.9288762446657184,3,fixed_capacity_incremental,class_stage,0.9382183908045977,0.9197183098591549,1005,5,710
dry_bean,1.0,1,fixed_capacity_incremental,consolidation,1.0,1.0,1005,6,105
dry_bean,0.9441233140655106,0,fixed_capacity_incremental,consolidation,0.9607843137254902,0.928030303030303,1005,6,264
dry_bean,0.9515151515151515,2,fixed_capacity_incremental,consolidation,0.9401197604790419,0.9631901840490797,1005,6,326
dry_bean,0.9573333333333334,4,fixed_capacity_incremental,consolidation,0.9497354497354498,0.9650537634408602,1005,6,372
dry_bean,0.958128078817734,5,fixed_capacity_incremental,consolidation,0.9557739557739557,0.9604938271604938,1005,6,405
dry_bean,0.9001848428835489,6,fixed_capacity_incremental,consolidation,0.8774774774774775,0.9240986717267552,1005,6,527
dry_bean,0.9256317689530686,3,fixed_capacity_incremental,consolidation,0.9496296296296296,0.9028169014084507,1005,6,710
dry_bean,1.0,1,adaptive_capacity_incremental,class_stage,1.0,1.0,1005,0,105
dry_bean,1.0,0,adaptive_capacity_incremental,class_stage,1.0,1.0,1005,0,264
dry_bean,1.0,1,adaptive_capacity_incremental,class_stage,1.0,1.0,1005,1,105
dry_bean,0.944337811900192,0,adaptive_capacity_incremental,class_stage,0.9571984435797666,0.9318181818181818,1005,1,264
dry_bean,0.9559939301972686,2,adaptive_capacity_incremental,class_stage,0.9459459459459459,0.9662576687116564,1005,1,326
dry_bean,1.0,1,adaptive_capacity_incremental,class_stage,1.0,1.0,1005,2,105
dry_bean,0.9407265774378585,0,adaptive_capacity_incremental,class_stage,0.9498069498069498,0.9318181818181818,1005,2,264
dry_bean,0.944954128440367,2,adaptive_capacity_incremental,class_stage,0.9420731707317073,0.9478527607361963,1005,2,326
dry_bean,0.9879518072289156,4,adaptive_capacity_incremental,class_stage,0.984,0.9919354838709677,1005,2,372
dry_bean,1.0,1,adaptive_capacity_incremental,class_stage,1.0,1.0,1005,3,105
dry_bean,0.9310344827586207,0,adaptive_capacity_incremental,class_stage,0.9418604651162791,0.9204545454545454,1005,3,264
dry_bean,0.9402756508422665,2,adaptive_capacity_incremental,class_stage,0.9388379204892966,0.941717791411043,1005,3,326
dry_bean,0.9866666666666667,4,adaptive_capacity_incremental,class_stage,0.9788359788359788,0.9946236559139785,1005,3,372
dry_bean,0.9888751545117429,5,adaptive_capacity_incremental,class_stage,0.9900990099009901,0.9876543209876543,1005,3,405
dry_bean,1.0,1,adaptive_capacity_incremental,class_stage,1.0,1.0,1005,4,105
dry_bean,0.924812030075188,0,adaptive_capacity_incremental,class_stage,0.917910447761194,0.9318181818181818,1005,4,264
dry_bean,0.9444444444444444,2,adaptive_capacity_incremental,class_stage,0.9503105590062112,0.9386503067484663,1005,4,326
dry_bean,0.9621621621621622,4,adaptive_capacity_incremental,class_stage,0.967391304347826,0.956989247311828,1005,4,372
dry_bean,0.968789013732834,5,adaptive_capacity_incremental,class_stage,0.9797979797979798,0.9580246913580247,1005,4,405
dry_bean,0.9559512652296157,6,adaptive_capacity_incremental,class_stage,0.9444444444444444,0.967741935483871,1005,4,527
dry_bean,1.0,1,adaptive_capacity_incremental,class_stage,1.0,1.0,1005,5,105
dry_bean,0.9320754716981132,0,adaptive_capacity_incremental,class_stage,0.9285714285714286,0.9356060606060606,1005,5,264
dry_bean,0.9464012251148545,2,adaptive_capacity_incremental,class_stage,0.944954128440367,0.9478527607361963,1005,5,326
dry_bean,0.9595687331536388,4,adaptive_capacity_incremental,class_stage,0.9621621621621622,0.956989247311828,1005,5,372
dry_bean,0.9561952440550688,5,adaptive_capacity_incremental,class_stage,0.9695431472081218,0.9432098765432099,1005,5,405
dry_bean,0.9001848428835489,6,adaptive_capacity_incremental,class_stage,0.8774774774774775,0.9240986717267552,1005,5,527
dry_bean,0.9315263908701854,3,adaptive_capacity_incremental,class_stage,0.9436416184971098,0.9197183098591549,1005,5,710
dry_bean,1.0,1,adaptive_capacity_incremental,consolidation,1.0,1.0,1005,6,105
dry_bean,0.9320754716981132,0,adaptive_capacity_incremental,consolidation,0.9285714285714286,0.9356060606060606,1005,6,264
dry_bean,0.9464012251148545,2,adaptive_capacity_incremental,consolidation,0.944954128440367,0.9478527607361963,1005,6,326
dry_bean,0.9595687331536388,4,adaptive_capacity_incremental,consolidation,0.9621621621621622,0.956989247311828,1005,6,372
dry_bean,0.9561952440550688,5,adaptive_capacity_incremental,consolidation,0.9695431472081218,0.9432098765432099,1005,6,405
dry_bean,0.9001848428835489,6,adaptive_capacity_incremental,consolidation,0.8774774774774775,0.9240986717267552,1005,6,527
dry_bean,0.9315263908701854,3,adaptive_capacity_incremental,consolidation,0.9436416184971098,0.9197183098591549,1005,6,710
dry_bean,0.9236499068901304,0,all_class_baseline,class_stage,0.9084249084249084,0.9393939393939394,1006,0,264
dry_bean,1.0,1,all_class_baseline,class_stage,1.0,1.0,1006,0,105
dry_bean,0.9446153846153846,2,all_class_baseline,class_stage,0.9475308641975309,0.941717791411043,1006,0,326
dry_bean,0.9230769230769231,3,all_class_baseline,class_stage,0.9337175792507204,0.9126760563380282,1006,0,710
dry_bean,0.9564032697547684,4,all_class_baseline,class_stage,0.9696132596685083,0.9435483870967742,1006,0,372
dry_bean,0.9526184538653366,5,all_class_baseline,class_stage,0.9622166246851386,0.9432098765432099,1006,0,405
dry_bean,0.8936170212765957,6,all_class_baseline,class_stage,0.871841155234657,0.9165085388994307,1006,0,527
dry_bean,1.0,1,fixed_capacity_incremental,class_stage,1.0,1.0,1006,0,105
dry_bean,1.0,0,fixed_capacity_incremental,class_stage,1.0,1.0,1006,0,264
dry_bean,1.0,1,fixed_capacity_incremental,class_stage,1.0,1.0,1006,1,105
dry_bean,0.9438202247191011,0,fixed_capacity_incremental,class_stage,0.9333333333333333,0.9545454545454546,1006,1,264
dry_bean,0.9535603715170279,2,fixed_capacity_incremental,class_stage,0.9625,0.9447852760736196,1006,1,326
dry_bean,1.0,1,fixed_capacity_incremental,class_stage,1.0,1.0,1006,2,105
dry_bean,0.9425287356321839,0,fixed_capacity_incremental,class_stage,0.9534883720930233,0.9318181818181818,1006,2,264
dry_bean,0.948170731707317,2,fixed_capacity_incremental,class_stage,0.9424242424242424,0.9539877300613497,1006,2,326
dry_bean,0.9865951742627346,4,fixed_capacity_incremental,class_stage,0.983957219251337,0.989247311827957,1006,2,372
dry_bean,1.0,1,fixed_capacity_incremental,class_stage,1.0,1.0,1006,3,105
dry_bean,0.939622641509434,0,fixed_capacity_incremental,class_stage,0.9360902255639098,0.9431818181818182,1006,3,264
dry_bean,0.9491525423728814,2,fixed_capacity_incremental,class_stage,0.9535603715170279,0.9447852760736196,1006,3,326
dry_bean,0.9865951742627346,4,fixed_capacity_incremental,class_stage,0.983957219251337,0.989247311827957,1006,3,372
dry_bean,0.9913473423980222,5,fixed_capacity_incremental,class_stage,0.9925742574257426,0.9901234567901235,1006,3,405
dry_bean,1.0,1,fixed_capacity_incremental,class_stage,1.0,1.0,1006,4,105
dry_bean,0.9384615384615385,0,fixed_capacity_incremental,class_stage,0.953125,0.9242424242424242,1006,4,264
dry_bean,0.9512195121951219,2,fixed_capacity_incremental,class_stage,0.9454545454545454,0.9570552147239264,1006,4,326
dry_bean,0.9592391304347826,4,fixed_capacity_incremental,class_stage,0.9697802197802198,0.9489247311827957,1006,4,372
dry_bean,0.9737827715355806,5,fixed_capacity_incremental,class_stage,0.9848484848484849,0.9629629629629629,1006,4,405
dry_bean,0.958139534883721,6,fixed_capacity_incremental,class_stage,0.9397810218978102,0.9772296015180265,1006,4,527
dry_bean,1.0,1,fixed_capacity_incremental,class_stage,1.0,1.0,1006,5,105
dry_bean,0.9402697495183044,0,fixed_capacity_incremental,class_stage,0.9568627450980393,0.9242424242424242,1006,5,264
dry_bean,0.9500756429652042,2,fixed_capacity_incremental,class_stage,0.9373134328358209,0.9631901840490797,1006,5,326
dry_bean,0.9581646423751687,4,fixed_capacity_incremental,class_stage,0.962059620596206,0.9543010752688172,1006,5,372
dry_bean,0.9577114427860697,5,fixed_capacity_incremental,class_stage,0.9649122807017544,0.9506172839506173,1006,5,405
dry_bean,0.8996282527881041,6,fixed_capacity_incremental,class_stage,0.8816029143897997,0.9184060721062619,1006,5,527
dry_bean,0.9282160625444208,3,fixed_capacity_incremental,class_stage,0.9368723098995696,0.9197183098591549,1006,5,710
dry_bean,1.0,1,fixed_capacity_incremental,consolidation,1.0,1.0,1006,6,105
dry_bean,0.944337811900192,0,fixed_capacity_incremental,consolidation,0.9571984435797666,0.9318181818181818,1006,6,264
dry_bean,0.9531013615733737,2,fixed_capacity_incremental,consolidation,0.9402985074626866,0.9662576687116564,1006,6,326
dry_bean,0.9608636977058029,4,fixed_capacity_incremental,consolidation,0.964769647696477,0.956989247311828,1006,6,372
dry_bean,0.959409594095941,5,fixed_capacity_incremental,consolidation,0.9558823529411765,0.9629629629629629,1006,6,405
dry_bean,0.9012003693444137,6,fixed_capacity_incremental,consolidation,0.8776978417266187,0.9259962049335864,1006,6,527
dry_bean,0.9301655867530597,3,fixed_capacity_incremental,consolidation,0.9513991163475699,0.9098591549295775,1006,6,710
dry_bean,1.0,1,adaptive_capacity_incremental,class_stage,1.0,1.0,1006,0,105
dry_bean,1.0,0,adaptive_capacity_incremental,class_stage,1.0,1.0,1006,0,264
dry_bean,1.0,1,adaptive_capacity_incremental,class_stage,1.0,1.0,1006,1,105
dry_bean,0.944337811900192,0,adaptive_capacity_incremental,class_stage,0.9571984435797666,0.9318181818181818,1006,1,264
dry_bean,0.9559939301972686,2,adaptive_capacity_incremental,class_stage,0.9459459459459459,0.9662576687116564,1006,1,326
dry_bean,1.0,1,adaptive_capacity_incremental,class_stage,1.0,1.0,1006,2,105
dry_bean,0.9389312977099237,0,adaptive_capacity_incremental,class_stage,0.9461538461538461,0.9318181818181818,1006,2,264
dry_bean,0.944954128440367,2,adaptive_capacity_incremental,class_stage,0.9420731707317073,0.9478527607361963,1006,2,326
dry_bean,0.9839142091152815,4,adaptive_capacity_incremental,class_stage,0.9812834224598931,0.9865591397849462,1006,2,372
dry_bean,1.0,1,adaptive_capacity_incremental,class_stage,1.0,1.0,1006,3,105
dry_bean,0.9325626204238922,0,adaptive_capacity_incremental,class_stage,0.9490196078431372,0.9166666666666666,1006,3,264
dry_bean,0.93993993993994,2,adaptive_capacity_incremental,class_stage,0.9205882352941176,0.9601226993865031,1006,3,326
dry_bean,0.9852348993288591,4,adaptive_capacity_incremental,class_stage,0.9839142091152815,0.9865591397849462,1006,3,372
dry_bean,0.9900497512437811,5,adaptive_capacity_incremental,class_stage,0.9974937343358395,0.9827160493827161,1006,3,405
dry_bean,1.0,1,adaptive_capacity_incremental,class_stage,1.0,1.0,1006,4,105
dry_bean,0.924812030075188,0,adaptive_capacity_incremental,class_stage,0.917910447761194,0.9318181818181818,1006,4,264
dry_bean,0.9444444444444444,2,adaptive_capacity_incremental,class_stage,0.9503105590062112,0.9386503067484663,1006,4,326
dry_bean,0.9621621621621622,4,adaptive_capacity_incremental,class_stage,0.967391304347826,0.956989247311828,1006,4,372
dry_bean,0.9712858926342073,5,adaptive_capacity_incremental,class_stage,0.9823232323232324,0.9604938271604938,1006,4,405
dry_bean,0.9578256794751641,6,adaptive_capacity_incremental,class_stage,0.9462962962962963,0.969639468690702,1006,4,527
dry_bean,1.0,1,adaptive_capacity_incremental,class_stage,1.0,1.0,1006,5,105
dry_bean,0.9236641221374046,0,adaptive_capacity_incremental,class_stage,0.9307692307692308,0.9166666666666666,1006,5,264
dry_bean,0.9424242424242424,2,adaptive_capacity_incremental,class_stage,0.9311377245508982,0.9539877300613497,1006,5,326
dry_bean,0.962059620596206,4,adaptive_capacity_incremental,class_stage,0.9699453551912568,0.9543010752688172,1006,5,372
dry_bean,0.9542645241038319,5,adaptive_capacity_incremental,class_stage,0.9554455445544554,0.9530864197530864,1006,5,405
dry_bean,0.9050691244239631,6,adaptive_capacity_incremental,class_stage,0.8799283154121864,0.9316888045540797,1006,5,527
dry_bean,0.9324712643678161,3,adaptive_capacity_incremental,class_stage,0.9516129032258065,0.9140845070422535,1006,5,710
dry_bean,1.0,1,adaptive_capacity_incremental,consolidation,1.0,1.0,1006,6,105
dry_bean,0.9358490566037736,0,adaptive_capacity_incremental,consolidation,0.9323308270676691,0.9393939393939394,1006,6,264
dry_bean,0.946236559139785,2,adaptive_capacity_incremental,consolidation,0.9476923076923077,0.9447852760736196,1006,6,326
dry_bean,0.9618528610354223,4,adaptive_capacity_incremental,consolidation,0.9751381215469613,0.9489247311827957,1006,6,372
dry_bean,0.9556650246305419,5,adaptive_capacity_incremental,consolidation,0.9533169533169533,0.9580246913580247,1006,6,405
dry_bean,0.9035812672176309,6,adaptive_capacity_incremental,consolidation,0.8754448398576512,0.9335863377609108,1006,6,527
dry_bean,0.9324712643678161,3,adaptive_capacity_incremental,consolidation,0.9516129032258065,0.9140845070422535,1006,6,710
dry_bean,0.9335863377609108,0,all_class_baseline,class_stage,0.935361216730038,0.9318181818181818,1007,0,264
dry_bean,1.0,1,all_class_baseline,class_stage,1.0,1.0,1007,0,105
dry_bean,0.9488372093023256,2,all_class_baseline,class_stage,0.9592476489028213,0.9386503067484663,1007,0,326
dry_bean,0.9268635724331927,3,all_class_baseline,class_stage,0.925561797752809,0.928169014084507,1007,0,710
dry_bean,0.9581646423751687,4,all_class_baseline,class_stage,0.962059620596206,0.9543010752688172,1007,0,372
dry_bean,0.9556650246305419,5,all_class_baseline,class_stage,0.9533169533169533,0.9580246913580247,1007,0,405
dry_bean,0.8972667295004713,6,all_class_baseline,class_stage,0.8913857677902621,0.9032258064516129,1007,0,527
dry_bean,1.0,1,fixed_capacity_incremental,class_stage,1.0,1.0,1007,0,105
dry_bean,1.0,0,fixed_capacity_incremental,class_stage,1.0,1.0,1007,0,264
dry_bean,1.0,1,fixed_capacity_incremental,class_stage,1.0,1.0,1007,1,105
dry_bean,0.950381679389313,0,fixed_capacity_incremental,class_stage,0.9576923076923077,0.9431818181818182,1007,1,264
dry_bean,0.9603658536585366,2,fixed_capacity_incremental,class_stage,0.9545454545454546,0.9662576687116564,1007,1,326
dry_bean,1.0,1,fixed_capacity_incremental,class_stage,1.0,1.0,1007,2,105
dry_bean,0.9441233140655106,0,fixed_capacity_incremental,class_stage,0.9607843137254902,0.928030303030303,1007,2,264
dry_bean,0.9499241274658573,2,fixed_capacity_incremental,class_stage,0.93993993993994,0.9601226993865031,1007,2,326
dry_bean,0.9839142091152815,4,fixed_capacity_incremental,class_stage,0.9812834224598931,0.9865591397849462,1007,2,372
dry_bean,1.0,1,fixed_capacity_incremental,class_stage,1.0,1.0,1007,3,105
dry_bean,0.9449715370018975,0,fixed_capacity_incremental,class_stage,0.9467680608365019,0.9431818181818182,1007,3,264
dry_bean,0.9493087557603687,2,fixed_capacity_incremental,class_stage,0.9507692307692308,0.9478527607361963,1007,3,326
dry_bean,0.9839142091152815,4,fixed_capacity_incremental,class_stage,0.9812834224598931,0.9865591397849462,1007,3,372
dry_bean,0.9925925925925926,5,fixed_capacity_incremental,class_stage,0.9925925925925926,0.9925925925925926,1007,3,405
dry_bean,1.0,1,fixed_capacity_incremental,class_stage,1.0,1.0,1007,4,105
dry_bean,0.9416195856873822,0,fixed_capacity_incremental,class_stage,0.9363295880149812,0.946969696969697,1007,4,264
dry_bean,0.9475308641975309,2,fixed_capacity_incremental,class_stage,0.953416149068323,0.941717791411043,1007,4,326
dry_bean,0.9634641407307172,4,fixed_capacity_incremental,class_stage,0.9700272479564033,0.956989247311828,1007,4,372
dry_bean,0.9763975155279503,5,fixed_capacity_incremental,class_stage,0.9825,0.9703703703703703,1007,4,405
dry_bean,0.9652582159624413,6,fixed_capacity_incremental,class_stage,0.9553903345724907,0.9753320683111955,1007,4,527
dry_bean,1.0,1,fixed_capacity_incremental,class_stage,1.0,1.0,1007,5,105
dry_bean,0.9391634980988594,0,fixed_capacity_incremental,class_stage,0.9427480916030534,0.9356060606060606,1007,5,264
dry_bean,0.9558599695585996,2,fixed_capacity_incremental,class_stage,0.9486404833836858,0.9631901840490797,1007,5,326
dry_bean,0.957592339261286,4,fixed_capacity_incremental,class_stage,0.9749303621169917,0.9408602150537635,1007,5,372
dry_bean,0.9592088998763906,5,fixed_capacity_incremental,class_stage,0.9603960396039604,0.9580246913580247,1007,5,405
dry_bean,0.9014598540145985,6,fixed_capacity_incremental,class_stage,0.8681898066783831,0.937381404174573,1007,5,527
dry_bean,0.9272858171346292,3,fixed_capacity_incremental,class_stage,0.9484536082474226,0.9070422535211268,1007,5,710
dry_bean,1.0,1,fixed_capacity_incremental,consolidation,1.0,1.0,1007,6,105
dry_bean,0.9423076923076923,0,fixed_capacity_incremental,consolidation,0.95703125,0.928030303030303,1007,6,264
dry_bean,0.9544072948328267,2,fixed_capacity_incremental,consolidation,0.9457831325301205,0.9631901840490797,1007,6,326
dry_bean,0.9581646423751687,4,fixed_capacity_incremental,consolidation,0.962059620596206,0.9543010752688172,1007,6,372
dry_bean,0.9568434032059187,5,fixed_capacity_incremental,consolidation,0.9556650246305419,0.9580246913580247,1007,6,405
dry_bean,0.9031657355679702,6,fixed_capacity_incremental,consolidation,0.886654478976234,0.920303605313093,1007,6,527
dry_bean,0.9273504273504274,3,fixed_capacity_incremental,consolidation,0.9380403458213257,0.9169014084507042,1007,6,710
dry_bean,1.0,1,adaptive_capacity_incremental,class_stage,1.0,1.0,1007,0,105
dry_bean,1.0,0,adaptive_capacity_incremental,class_stage,1.0,1.0,1007,0,264
dry_bean,1.0,1,adaptive_capacity_incremental,class_stage,1.0,1.0,1007,1,105
dry_bean,0.944337811900192,0,adaptive_capacity_incremental,class_stage,0.9571984435797666,0.9318181818181818,1007,1,264
dry_bean,0.9559939301972686,2,adaptive_capacity_incremental,class_stage,0.9459459459459459,0.9662576687116564,1007,1,326
dry_bean,1.0,1,adaptive_capacity_incremental,class_stage,1.0,1.0,1007,2,105
dry_bean,0.9407265774378585,0,adaptive_capacity_incremental,class_stage,0.9498069498069498,0.9318181818181818,1007,2,264
dry_bean,0.9451219512195121,2,adaptive_capacity_incremental,class_stage,0.9393939393939394,0.950920245398773,1007,2,326
dry_bean,0.9852348993288591,4,adaptive_capacity_incremental,class_stage,0.9839142091152815,0.9865591397849462,1007,2,372
dry_bean,1.0,1,adaptive_capacity_incremental,class_stage,1.0,1.0,1007,3,105
dry_bean,0.9254302103250478,0,adaptive_capacity_incremental,class_stage,0.9343629343629344,0.9166666666666666,1007,3,264
dry_bean,0.9465648854961832,2,adaptive_capacity_incremental,class_stage,0.9422492401215805,0.950920245398773,1007,3,326
dry_bean,0.9866666666666667,4,adaptive_capacity_incremental,class_stage,0.9788359788359788,0.9946236559139785,1007,3,372
dry_bean,0.9875930521091811,5,adaptive_capacity_incremental,class_stage,0.9925187032418953,0.9827160493827161,1007,3,405
dry_bean,1.0,1,adaptive_capacity_incremental,class_stage,1.0,1.0,1007,4,105
dry_bean,0.9198473282442748,0,adaptive_capacity_incremental,class_stage,0.926923076923077,0.9128787878787878,1007,4,264
dry_bean,0.9418960244648318,2,adaptive_capacity_incremental,class_stage,0.9390243902439024,0.9447852760736196,1007,4,326
dry_bean,0.963758389261745,4,adaptive_capacity_incremental,class_stage,0.9624664879356568,0.9650537634408602,1007,4,372
dry_bean,0.9687108886107635,5,adaptive_capacity_incremental,class_stage,0.9822335025380711,0.9555555555555556,1007,4,405
dry_bean,0.9568480300187617,6,adaptive_capacity_incremental,class_stage,0.9461966604823747,0.967741935483871,1007,4,527
dry_bean,1.0,1,adaptive_capacity_incremental,class_stage,1.0,1.0,1007,5,105
dry_bean,0.9305816135084428,0,adaptive_capacity_incremental,class_stage,0.9219330855018587,0.9393939393939394,1007,5,264
dry_bean,0.9489953632148377,2,adaptive_capacity_incremental,class_stage,0.956386292834891,0.941717791411043,1007,5,326
dry_bean,0.959349593495935,4,adaptive_capacity_incremental,class_stage,0.9672131147540983,0.9516129032258065,1007,5,372
dry_bean,0.9564134495641345,5,adaptive_capacity_incremental,class_stage,0.964824120603015,0.9481481481481482,1007,5,405
dry_bean,0.8978444236176195,6,adaptive_capacity_incremental,class_stage,0.8870370370370371,0.9089184060721063,1007,5,527
dry_bean,0.9267605633802817,3,adaptive_capacity_incremental,class_stage,0.9267605633802817,0.9267605633802817,1007,5,710
dry_bean,1.0,1,adaptive_capacity_incremental,consolidation,1.0,1.0,1007,6,105
dry_bean,0.9305816135084428,0,adaptive_capacity_incremental,consolidation,0.9219330855018587,0.9393939393939394,1007,6,264
dry_bean,0.9489953632148377,2,adaptive_capacity_incremental,consolidation,0.956386292834891,0.941717791411043,1007,6,326
dry_bean,0.959349593495935,4,adaptive_capacity_incremental,consolidation,0.9672131147540983,0.9516129032258065,1007,6,372
dry_bean,0.9564134495641345,5,adaptive_capacity_incremental,consolidation,0.964824120603015,0.9481481481481482,1007,6,405
dry_bean,0.8978444236176195,6,adaptive_capacity_incremental,consolidation,0.8870370370370371,0.9089184060721063,1007,6,527
dry_bean,0.9267605633802817,3,adaptive_capacity_incremental,consolidation,0.9267605633802817,0.9267605633802817,1007,6,710
dry_bean,0.9310344827586207,0,all_class_baseline,class_stage,0.9418604651162791,0.9204545454545454,1008,0,264
dry_bean,1.0,1,all_class_baseline,class_stage,1.0,1.0,1008,0,105
dry_bean,0.9494640122511485,2,all_class_baseline,class_stage,0.9480122324159022,0.950920245398773,1008,0,326
dry_bean,0.9310589907604833,3,all_class_baseline,class_stage,0.93974175035868,0.9225352112676056,1008,0,710
dry_bean,0.9651474530831099,4,all_class_baseline,class_stage,0.9625668449197861,0.967741935483871,1008,0,372
dry_bean,0.9533417402269861,5,all_class_baseline,class_stage,0.9742268041237113,0.9333333333333333,1008,0,405
dry_bean,0.8978840846366145,6,all_class_baseline,class_stage,0.8714285714285714,0.9259962049335864,1008,0,527
dry_bean,1.0,1,fixed_capacity_incremental,class_stage,1.0,1.0,1008,0,105
dry_bean,1.0,0,fixed_capacity_incremental,class_stage,1.0,1.0,1008,0,264
dry_bean,1.0,1,fixed_capacity_incremental,class_stage,1.0,1.0,1008,1,105
dry_bean,0.9429657794676806,0,fixed_capacity_incremental,class_stage,0.9465648854961832,0.9393939393939394,1008,1,264
dry_bean,0.9541284403669725,2,fixed_capacity_incremental,class_stage,0.9512195121951219,0.9570552147239264,1008,1,326
dry_bean,1.0,1,fixed_capacity_incremental,class_stage,1.0,1.0,1008,2,105
dry_bean,0.9404990403071017,0,fixed_capacity_incremental,class_stage,0.953307392996109,0.928030303030303,1008,2,264
dry_bean,0.9467275494672754,2,fixed_capacity_incremental,class_stage,0.9395770392749244,0.9539877300613497,1008,2,326
dry_bean,0.9865951742627346,4,fixed_capacity_incremental,class_stage,0.983957219251337,0.989247311827957,1008,2,372
dry_bean,1.0,1,fixed_capacity_incremental,class_stage,1.0,1.0,1008,3,105
dry_bean,0.9366602687140115,0,fixed_capacity_incremental,class_stage,0.9494163424124513,0.9242424242424242,1008,3,264
dry_bean,0.9513677811550152,2,fixed_capacity_incremental,class_stage,0.9427710843373494,0.9601226993865031,1008,3,326
dry_bean,0.9879518072289156,4,fixed_capacity_incremental,class_stage,0.984,0.9919354838709677,1008,3,372
dry_bean,0.9925742574257426,5,fixed_capacity_incremental,class_stage,0.9950372208436724,0.9901234567901235,1008,3,405
dry_bean,1.0,1,fixed_capacity_incremental,class_stage,1.0,1.0,1008,4,105
dry_bean,0.9386973180076629,0,fixed_capacity_incremental,class_stage,0.9496124031007752,0.928030303030303,1008,4,264
dry_bean,0.9555895865237366,2,fixed_capacity_incremental,class_stage,0.9541284403669725,0.9570552147239264,1008,4,326
dry_bean,0.9662618083670715,4,fixed_capacity_incremental,class_stage,0.9701897018970189,0.9623655913978495,1008,4,372
dry_bean,0.9737171464330413,5,fixed_capacity_incremental,class_stage,0.9873096446700508,0.9604938271604938,1008,4,405
dry_bean,0.9599254426840633,6,fixed_capacity_incremental,class_stage,0.9432234432234432,0.9772296015180265,1008,4,527
dry_bean,1.0,1,fixed_capacity_incremental,class_stage,1.0,1.0,1008,5,105
dry_bean,0.9361702127659575,0,fixed_capacity_incremental,class_stage,0.9565217391304348,0.9166666666666666,1008,5,264
dry_bean,0.9518072289156626,2,fixed_capacity_incremental,class_stage,0.9349112426035503,0.9693251533742331,1008,5,326
dry_bean,0.9621621621621622,4,fixed_capacity_incremental,class_stage,0.967391304347826,0.956989247311828,1008,5,372
dry_bean,0.9580246913580247,5,fixed_capacity_incremental,class_stage,0.9580246913580247,0.9580246913580247,1008,5,405
dry_bean,0.9009345794392524,6,fixed_capacity_incremental,class_stage,0.8876611418047882,0.9146110056925996,1008,5,527
dry_bean,0.9267945984363894,3,fixed_capacity_incremental,class_stage,0.9354375896700143,0.9183098591549296,1008,5,710
dry_bean,1.0,1,fixed_capacity_incremental,consolidation,1.0,1.0,1008,6,105
dry_bean,0.9361702127659575,0,fixed_capacity_incremental,consolidation,0.9565217391304348,0.9166666666666666,1008,6,264
dry_bean,0.9518072289156626,2,fixed_capacity_incremental,consolidation,0.9349112426035503,0.9693251533742331,1008,6,326
dry_bean,0.9621621621621622,4,fixed_capacity_incremental,consolidation,0.967391304347826,0.956989247311828,1008,6,372
dry_bean,0.9580246913580247,5,fixed_capacity_incremental,consolidation,0.9580246913580247,0.9580246913580247,1008,6,405
dry_bean,0.9009345794392524,6,fixed_capacity_incremental,consolidation,0.8876611418047882,0.9146110056925996,1008,6,527
dry_bean,0.9267945984363894,3,fixed_capacity_incremental,consolidation,0.9354375896700143,0.9183098591549296,1008,6,710
dry_bean,1.0,1,adaptive_capacity_incremental,class_stage,1.0,1.0,1008,0,105
dry_bean,1.0,0,adaptive_capacity_incremental,class_stage,1.0,1.0,1008,0,264
dry_bean,1.0,1,adaptive_capacity_incremental,class_stage,1.0,1.0,1008,1,105
dry_bean,0.9425287356321839,0,adaptive_capacity_incremental,class_stage,0.9534883720930233,0.9318181818181818,1008,1,264
dry_bean,0.9544072948328267,2,adaptive_capacity_incremental,class_stage,0.9457831325301205,0.9631901840490797,1008,1,326
dry_bean,1.0,1,adaptive_capacity_incremental,class_stage,1.0,1.0,1008,2,105
dry_bean,0.9386973180076629,0,adaptive_capacity_incremental,class_stage,0.9496124031007752,0.928030303030303,1008,2,264
dry_bean,0.9451219512195121,2,adaptive_capacity_incremental,class_stage,0.9393939393939394,0.950920245398773,1008,2,326
dry_bean,0.9865951742627346,4,adaptive_capacity_incremental,class_stage,0.983957219251337,0.989247311827957,1008,2,372
dry_bean,1.0,1,adaptive_capacity_incremental,class_stage,1.0,1.0,1008,3,105
dry_bean,0.9305019305019305,0,adaptive_capacity_incremental,class_stage,0.9488188976377953,0.9128787878787878,1008,3,264
dry_bean,0.9411764705882353,2,adaptive_capacity_incremental,class_stage,0.9258160237388724,0.9570552147239264,1008,3,326
dry_bean,0.9852348993288591,4,adaptive_capacity_incremental,class_stage,0.9839142091152815,0.9865591397849462,1008,3,372
dry_bean,0.9876237623762376,5,adaptive_capacity_incremental,class_stage,0.9900744416873449,0.9851851851851852,1008,3,405
dry_bean,1.0,1,adaptive_capacity_incremental,class_stage,1.0,1.0,1008,4,105
dry_bean,0.9236499068901304,0,adaptive_capacity_incremental,class_stage,0.9084249084249084,0.9393939393939394,1008,4,264
dry_bean,0.9439252336448598,2,adaptive_capacity_incremental,class_stage,0.9588607594936709,0.9294478527607362,1008,4,326
dry_bean,0.9622641509433962,4,adaptive_capacity_incremental,class_stage,0.9648648648648649,0.9596774193548387,1008,4,372
dry_bean,0.9699248120300752,5,adaptive_capacity_incremental,class_stage,0.9847328244274809,0.9555555555555556,1008,4,405
dry_bean,0.9560336763330215,6,adaptive_capacity_incremental,class_stage,0.9428044280442804,0.969639468690702,1008,4,527
dry_bean,1.0,1,adaptive_capacity_incremental,class_stage,1.0,1.0,1008,5,105
dry_bean,0.9340866290018832,0,adaptive_capacity_incremental,class_stage,0.9288389513108615,0.9393939393939394,1008,5,264
dry_bean,0.9491525423728814,2,adaptive_capacity_incremental,class_stage,0.9535603715170279,0.9447852760736196,1008,5,326
dry_bean,0.9648648648648649,4,adaptive_capacity_incremental,class_stage,0.970108695652174,0.9596774193548387,1008,5,372
dry_bean,0.9567367119901112,5,adaptive_capacity_incremental,class_stage,0.9579207920792079,0.9555555555555556,1008,5,405
dry_bean,0.9009990917347865,6,adaptive_capacity_incremental,class_stage,0.8641114982578397,0.9411764705882353,1008,5,527
dry_bean,0.9274310595065312,3,adaptive_capacity_incremental,class_stage,0.9565868263473054,0.9,1008,5,710
dry_bean,1.0,1,adaptive_capacity_incremental,consolidation,1.0,1.0,1008,6,105
dry_bean,0.9340866290018832,0,adaptive_capacity_incremental,consolidation,0.9288389513108615,0.9393939393939394,1008,6,264
dry_bean,0.9491525423728814,2,adaptive_capacity_incremental,consolidation,0.9535603715170279,0.9447852760736196,1008,6,326
dry_bean,0.9648648648648649,4,adaptive_capacity_incremental,consolidation,0.970108695652174,0.9596774193548387,1008,6,372
dry_bean,0.9567367119901112,5,adaptive_capacity_incremental,consolidation,0.9579207920792079,0.9555555555555556,1008,6,405
dry_bean,0.9009990917347865,6,adaptive_capacity_incremental,consolidation,0.8641114982578397,0.9411764705882353,1008,6,527
dry_bean,0.9274310595065312,3,adaptive_capacity_incremental,consolidation,0.9565868263473054,0.9,1008,6,710
dry_bean,0.9318181818181818,0,all_class_baseline,class_stage,0.9318181818181818,0.9318181818181818,1009,0,264
dry_bean,1.0,1,all_class_baseline,class_stage,1.0,1.0,1009,0,105
dry_bean,0.9473684210526315,2,all_class_baseline,class_stage,0.95625,0.9386503067484663,1009,0,326
dry_bean,0.9247009148486981,3,all_class_baseline,class_stage,0.9240506329113924,0.9253521126760563,1009,0,710
dry_bean,0.9619565217391305,4,all_class_baseline,class_stage,0.9725274725274725,0.9516129032258065,1009,0,372
dry_bean,0.9544895448954489,5,all_class_baseline,class_stage,0.9509803921568627,0.9580246913580247,1009,0,405
dry_bean,0.8947368421052632,6,all_class_baseline,class_stage,0.8864059590316573,0.9032258064516129,1009,0,527
dry_bean,1.0,1,fixed_capacity_incremental,class_stage,1.0,1.0,1009,0,105
dry_bean,1.0,0,fixed_capacity_incremental,class_stage,1.0,1.0,1009,0,264
dry_bean,1.0,1,fixed_capacity_incremental,class_stage,1.0,1.0,1009,1,105
dry_bean,0.9441233140655106,0,fixed_capacity_incremental,class_stage,0.9607843137254902,0.928030303030303,1009,1,264
dry_bean,0.9561270801815431,2,fixed_capacity_incremental,class_stage,0.9432835820895522,0.9693251533742331,1009,1,326
dry_bean,1.0,1,fixed_capacity_incremental,class_stage,1.0,1.0,1009,2,105
dry_bean,0.9400386847195358,0,fixed_capacity_incremental,class_stage,0.9604743083003953,0.9204545454545454,1009,2,264
dry_bean,0.947209653092006,2,fixed_capacity_incremental,class_stage,0.9317507418397626,0.9631901840490797,1009,2,326
dry_bean,0.9865591397849462,4,fixed_capacity_incremental,class_stage,0.9865591397849462,0.9865591397849462,1009,2,372
dry_bean,1.0,1,fixed_capacity_incremental,class_stage,1.0,1.0,1009,3,105
dry_bean,0.9420849420849421,0,fixed_capacity_incremental,class_stage,0.9606299212598425,0.9242424242424242,1009,3,264
dry_bean,0.9513677811550152,2,fixed_capacity_incremental,class_stage,0.9427710843373494,0.9601226993865031,1009,3,326
dry_bean,0.9866310160427807,4,fixed_capacity_incremental,class_stage,0.9813829787234043,0.9919354838709677,1009,3,372
dry_bean,0.9950617283950617,5,fixed_capacity_incremental,class_stage,0.9950617283950617,0.9950617283950617,1009,3,405
dry_bean,1.0,1,fixed_capacity_incremental,class_stage,1.0,1.0,1009,4,105
dry_bean,0.937381404174573,0,fixed_capacity_incremental,class_stage,0.9391634980988594,0.9356060606060606,1009,4,264
dry_bean,0.950920245398773,2,fixed_capacity_incremental,class_stage,0.950920245398773,0.950920245398773,1009,4,326
dry_bean,0.9624664879356568,4,fixed_capacity_incremental,class_stage,0.9598930481283422,0.9650537634408602,1009,4,372
dry_bean,0.9728395061728395,5,fixed_capacity_incremental,class_stage,0.9728395061728395,0.9728395061728395,1009,4,405
dry_bean,0.9591642924976258,6,fixed_capacity_incremental,class_stage,0.9600760456273765,0.9582542694497154,1009,4,527
dry_bean,1.0,1,fixed_capacity_incremental,class_stage,1.0,1.0,1009,5,105
dry_bean,0.9356060606060606,0,fixed_capacity_incremental,class_stage,0.9356060606060606,0.9356060606060606,1009,5,264
dry_bean,0.9443609022556391,2,fixed_capacity_incremental,class_stage,0.9262536873156342,0.9631901840490797,1009,5,326
dry_bean,0.9486823855755895,4,fixed_capacity_incremental,class_stage,0.9799426934097422,0.9193548387096774,1009,5,372
dry_bean,0.9627791563275434,5,fixed_capacity_incremental,class_stage,0.9675810473815462,0.9580246913580247,1009,5,405
dry_bean,0.8955785512699906,6,fixed_capacity_incremental,class_stage,0.8880597014925373,0.9032258064516129,1009,5,527
dry_bean,0.927719298245614,3,fixed_capacity_incremental,class_stage,0.9244755244755245,0.9309859154929577,1009,5,710
dry_bean,1.0,1,fixed_capacity_incremental,consolidation,1.0,1.0,1009,6,105
dry_bean,0.9407265774378585,0,fixed_capacity_incremental,consolidation,0.9498069498069498,0.9318181818181818,1009,6,264
dry_bean,0.9528158295281582,2,fixed_capacity_incremental,consolidation,0.945619335347432,0.9601226993865031,1009,6,326
dry_bean,0.9594594594594594,4,fixed_capacity_incremental,consolidation,0.9646739130434783,0.9543010752688172,1009,6,372
dry_bean,0.9591078066914498,5,fixed_capacity_incremental,consolidation,0.9626865671641791,0.9555555555555556,1009,6,405
dry_bean,0.902143522833178,6,fixed_capacity_incremental,consolidation,0.8864468864468864,0.9184060721062619,1009,6,527
dry_bean,0.9318181818181818,3,fixed_capacity_incremental,consolidation,0.9398280802292264,0.923943661971831,1009,6,710
dry_bean,1.0,1,adaptive_capacity_incremental,class_stage,1.0,1.0,1009,0,105
dry_bean,1.0,0,adaptive_capacity_incremental,class_stage,1.0,1.0,1009,0,264
dry_bean,1.0,1,adaptive_capacity_incremental,class_stage,1.0,1.0,1009,1,105
dry_bean,0.944337811900192,0,adaptive_capacity_incremental,class_stage,0.9571984435797666,0.9318181818181818,1009,1,264
dry_bean,0.9559939301972686,2,adaptive_capacity_incremental,class_stage,0.9459459459459459,0.9662576687116564,1009,1,326
dry_bean,1.0,1,adaptive_capacity_incremental,class_stage,1.0,1.0,1009,2,105
dry_bean,0.9384615384615385,0,adaptive_capacity_incremental,class_stage,0.953125,0.9242424242424242,1009,2,264
dry_bean,0.9422492401215805,2,adaptive_capacity_incremental,class_stage,0.9337349397590361,0.950920245398773,1009,2,326
dry_bean,0.9865951742627346,4,adaptive_capacity_incremental,class_stage,0.983957219251337,0.989247311827957,1009,2,372
dry_bean,1.0,1,adaptive_capacity_incremental,class_stage,1.0,1.0,1009,3,105
dry_bean,0.9325626204238922,0,adaptive_capacity_incremental,class_stage,0.9490196078431372,0.9166666666666666,1009,3,264
dry_bean,0.9425981873111783,2,adaptive_capacity_incremental,class_stage,0.9285714285714286,0.9570552147239264,1009,3,326
dry_bean,0.9865951742627346,4,adaptive_capacity_incremental,class_stage,0.983957219251337,0.989247311827957,1009,3,372
dry_bean,0.9888475836431226,5,adaptive_capacity_incremental,class_stage,0.9925373134328358,0.9851851851851852,1009,3,405
dry_bean,1.0,1,adaptive_capacity_incremental,class_stage,1.0,1.0,1009,4,105
dry_bean,0.9213051823416507,0,adaptive_capacity_incremental,class_stage,0.933852140077821,0.9090909090909091,1009,4,264
dry_bean,0.9409984871406959,2,adaptive_capacity_incremental,class_stage,0.9283582089552239,0.9539877300613497,1009,4,326
dry_bean,0.9622641509433962,4,adaptive_capacity_incremental,class_stage,0.9648648648648649,0.9596774193548387,1009,4,372
dry_bean,0.9686323713927227,5,adaptive_capacity_incremental,class_stage,0.9846938775510204,0.9530864197530864,1009,4,405
dry_bean,0.9559512652296157,6,adaptive_capacity_incremental,class_stage,0.9444444444444444,0.967741935483871,1009,4,527
dry_bean,1.0,1,adaptive_capacity_incremental,class_stage,1.0,1.0,1009,5,105
dry_bean,0.9300567107750473,0,adaptive_capacity_incremental,class_stage,0.9283018867924528,0.9318181818181818,1009,5,264
dry_bean,0.9440242057488654,2,adaptive_capacity_incremental,class_stage,0.9313432835820895,0.9570552147239264,1009,5,326
dry_bean,0.9618528610354223,4,adaptive_capacity_incremental,class_stage,0.9751381215469613,0.9489247311827957,1009,5,372
dry_bean,0.9538077403245943,5,adaptive_capacity_incremental,class_stage,0.9646464646464646,0.9432098765432099,1009,5,405
dry_bean,0.8980716253443526,6,adaptive_capacity_incremental,class_stage,0.8701067615658363,0.9278937381404174,1009,5,527
dry_bean,0.9282639885222381,3,adaptive_capacity_incremental,class_stage,0.945906432748538,0.9112676056338028,1009,5,710
dry_bean,1.0,1,adaptive_capacity_incremental,consolidation,1.0,1.0,1009,6,105
dry_bean,0.9265536723163842,0,adaptive_capacity_incremental,consolidation,0.9213483146067416,0.9318181818181818,1009,6,264
dry_bean,0.9420731707317073,2,adaptive_capacity_incremental,consolidation,0.9363636363636364,0.9478527607361963,1009,6,326
dry_bean,0.964769647696477,4,adaptive_capacity_incremental,consolidation,0.9726775956284153,0.956989247311828,1009,6,372
dry_bean,0.9573934837092731,5,adaptive_capacity_incremental,consolidation,0.9720101781170484,0.9432098765432099,1009,6,405
dry_bean,0.9018518518518519,6,adaptive_capacity_incremental,consolidation,0.8806509945750453,0.9240986717267552,1009,6,527
dry_bean,0.9295373665480428,3,adaptive_capacity_incremental,consolidation,0.939568345323741,0.9197183098591549,1009,6,710
dry_bean,0.9191321499013807,0,all_class_baseline,class_stage,0.9588477366255144,0.8825757575757576,1010,0,264
dry_bean,1.0,1,all_class_baseline,class_stage,1.0,1.0,1010,0,105
dry_bean,0.9434523809523809,2,all_class_baseline,class_stage,0.9161849710982659,0.9723926380368099,1010,0,326
dry_bean,0.9288231148696265,3,all_class_baseline,class_stage,0.9294781382228491,0.928169014084507,1010,0,710
dry_bean,0.9623655913978495,4,all_class_baseline,class_stage,0.9623655913978495,0.9623655913978495,1010,0,372
dry_bean,0.9545454545454546,5,all_class_baseline,class_stage,0.9767441860465116,0.9333333333333333,1010,0,405
dry_bean,0.8957169459962756,6,all_class_baseline,class_stage,0.8793418647166362,0.9127134724857685,1010,0,527
dry_bean,1.0,1,fixed_capacity_incremental,class_stage,1.0,1.0,1010,0,105
dry_bean,1.0,0,fixed_capacity_incremental,class_stage,1.0,1.0,1010,0,264
dry_bean,1.0,1,fixed_capacity_incremental,class_stage,1.0,1.0,1010,1,105
dry_bean,0.9543726235741445,0,fixed_capacity_incremental,class_stage,0.9580152671755725,0.9507575757575758,1010,1,264
dry_bean,0.963302752293578,2,fixed_capacity_incremental,class_stage,0.9603658536585366,0.9662576687116564,1010,1,326
dry_bean,1.0,1,fixed_capacity_incremental,class_stage,1.0,1.0,1010,2,105
dry_bean,0.9481765834932822,0,fixed_capacity_incremental,class_stage,0.9610894941634242,0.9356060606060606,1010,2,264
dry_bean,0.9515151515151515,2,fixed_capacity_incremental,class_stage,0.9401197604790419,0.9631901840490797,1010,2,326
dry_bean,0.9851951547779273,4,fixed_capacity_incremental,class_stage,0.9865229110512129,0.9838709677419355,1010,2,372
dry_bean,1.0,1,fixed_capacity_incremental,class_stage,1.0,1.0,1010,3,105
dry_bean,0.9436893203883495,0,fixed_capacity_incremental,class_stage,0.9681274900398407,0.9204545454545454,1010,3,264
dry_bean,0.9502262443438914,2,fixed_capacity_incremental,class_stage,0.9347181008902077,0.9662576687116564,1010,3,326
dry_bean,0.9839142091152815,4,fixed_capacity_incremental,class_stage,0.9812834224598931,0.9865591397849462,1010,3,372
dry_bean,0.9925925925925926,5,fixed_capacity_incremental,class_stage,0.9925925925925926,0.9925925925925926,1010,3,405
dry_bean,1.0,1,fixed_capacity_incremental,class_stage,1.0,1.0,1010,4,105
dry_bean,0.946360153256705,0,fixed_capacity_incremental,class_stage,0.9573643410852714,0.9356060606060606,1010,4,264
dry_bean,0.9528158295281582,2,fixed_capacity_incremental,class_stage,0.945619335347432,0.9601226993865031,1010,4,326
dry_bean,0.9651474530831099,4,fixed_capacity_incremental,class_stage,0.9625668449197861,0.967741935483871,1010,4,372
dry_bean,0.9752475247524752,5,fixed_capacity_incremental,class_stage,0.9776674937965261,0.9728395061728395,1010,4,405
dry_bean,0.9592417061611375,6,fixed_capacity_incremental,class_stage,0.9583333333333334,0.9601518026565465,1010,4,527
dry_bean,1.0,1,fixed_capacity_incremental,class_stage,1.0,1.0,1010,5,105
dry_bean,0.9384615384615385,0,fixed_capacity_incremental,class_stage,0.953125,0.9242424242424242,1010,5,264
dry_bean,0.9542682926829268,2,fixed_capacity_incremental,class_stage,0.9484848484848485,0.9601226993865031,1010,5,326
dry_bean,0.9645776566757494,4,fixed_capacity_incremental,class_stage,0.9779005524861878,0.9516129032258065,1010,5,372
dry_bean,0.958594730238394,5,fixed_capacity_incremental,class_stage,0.9744897959183674,0.9432098765432099,1010,5,405
dry_bean,0.8959854014598541,6,fixed_capacity_incremental,class_stage,0.8629173989455184,0.9316888045540797,1010,5,527
dry_bean,0.9281138790035587,3,fixed_capacity_incremental,class_stage,0.9381294964028777,0.9183098591549296,1010,5,710
dry_bean,1.0,1,fixed_capacity_incremental,consolidation,1.0,1.0,1010,6,105
dry_bean,0.9445506692160612,0,fixed_capacity_incremental,consolidation,0.9536679536679536,0.9356060606060606,1010,6,264
dry_bean,0.9555895865237366,2,fixed_capacity_incremental,consolidation,0.9541284403669725,0.9570552147239264,1010,6,326
dry_bean,0.9581646423751687,4,fixed_capacity_incremental,consolidation,0.962059620596206,0.9543010752688172,1010,6,372
dry_bean,0.9596977329974811,5,fixed_capacity_incremental,consolidation,0.9794344473007712,0.9407407407407408,1010,6,405
dry_bean,0.8982584784601283,6,fixed_capacity_incremental,consolidation,0.8687943262411347,0.9297912713472486,1010,6,527
dry_bean,0.9288762446657184,3,fixed_capacity_incremental,consolidation,0.9382183908045977,0.9197183098591549,1010,6,710
dry_bean,1.0,1,adaptive_capacity_incremental,class_stage,1.0,1.0,1010,0,105
dry_bean,1.0,0,adaptive_capacity_incremental,class_stage,1.0,1.0,1010,0,264
dry_bean,1.0,1,adaptive_capacity_incremental,class_stage,1.0,1.0,1010,1,105
dry_bean,0.944337811900192,0,adaptive_capacity_incremental,class_stage,0.9571984435797666,0.9318181818181818,1010,1,264
dry_bean,0.9559939301972686,2,adaptive_capacity_incremental,class_stage,0.9459459459459459,0.9662576687116564,1010,1,326
dry_bean,1.0,1,adaptive_capacity_incremental,class_stage,1.0,1.0,1010,2,105
dry_bean,0.9369024856596558,0,adaptive_capacity_incremental,class_stage,0.9459459459459459,0.928030303030303,1010,2,264
dry_bean,0.9435114503816794,2,adaptive_capacity_incremental,class_stage,0.939209726443769,0.9478527607361963,1010,2,326
dry_bean,0.9839142091152815,4,adaptive_capacity_incremental,class_stage,0.9812834224598931,0.9865591397849462,1010,2,372
dry_bean,1.0,1,adaptive_capacity_incremental,class_stage,1.0,1.0,1010,3,105
dry_bean,0.928709055876686,0,adaptive_capacity_incremental,class_stage,0.9450980392156862,0.9128787878787878,1010,3,264
dry_bean,0.9441930618401206,2,adaptive_capacity_incremental,class_stage,0.9287833827893175,0.9601226993865031,1010,3,326
dry_bean,0.9879518072289156,4,adaptive_capacity_incremental,class_stage,0.984,0.9919354838709677,1010,3,372
dry_bean,0.986335403726708,5,adaptive_capacity_incremental,class_stage,0.9925,0.980246913580247,1010,3,405
dry_bean,1.0,1,adaptive_capacity_incremental,class_stage,1.0,1.0,1010,4,105
dry_bean,0.9265536723163842,0,adaptive_capacity_incremental,class_stage,0.9213483146067416,0.9318181818181818,1010,4,264
dry_bean,0.9460708782742681,2,adaptive_capacity_incremental,class_stage,0.9504643962848297,0.941717791411043,1010,4,326
dry_bean,0.9621621621621622,4,adaptive_capacity_incremental,class_stage,0.967391304347826,0.956989247311828,1010,4,372
dry_bean,0.968789013732834,5,adaptive_capacity_incremental,class_stage,0.9797979797979798,0.9580246913580247,1010,4,405
dry_bean,0.9559512652296157,6,adaptive_capacity_incremental,class_stage,0.9444444444444444,0.967741935483871,1010,4,527
dry_bean,1.0,1,adaptive_capacity_incremental,class_stage,1.0,1.0,1010,5,105
dry_bean,0.9262759924385633,0,adaptive_capacity_incremental,class_stage,0.9245283018867925,0.928030303030303,1010,5,264
dry_bean,0.9488372093023256,2,adaptive_capacity_incremental,class_stage,0.9592476489028213,0.9386503067484663,1010,5,326
dry_bean,0.9582772543741588,4,adaptive_capacity_incremental,class_stage,0.9595687331536388,0.956989247311828,1010,5,372
dry_bean,0.9528535980148883,5,adaptive_capacity_incremental,class_stage,0.9576059850374065,0.9481481481481482,1010,5,405
dry_bean,0.8931860036832413,6,adaptive_capacity_incremental,class_stage,0.8676207513416816,0.920303605313093,1010,5,527
dry_bean,0.9235167977126519,3,adaptive_capacity_incremental,class_stage,0.9375907111756169,0.9098591549295775,1010,5,710
dry_bean,1.0,1,adaptive_capacity_incremental,consolidation,1.0,1.0,1010,6,105
dry_bean,0.9328358208955224,0,adaptive_capacity_incremental,consolidation,0.9191176470588235,0.946969696969697,1010,6,264
dry_bean,0.9475308641975309,2,adaptive_capacity_incremental,consolidation,0.953416149068323,0.941717791411043,1010,6,326
dry_bean,0.9581646423751687,4,adaptive_capacity_incremental,consolidation,0.962059620596206,0.9543010752688172,1010,6,372
dry_bean,0.9561952440550688,5,adaptive_capacity_incremental,consolidation,0.9695431472081218,0.9432098765432099,1010,6,405
dry_bean,0.894184938036225,6,adaptive_capacity_incremental,consolidation,0.8984674329501916,0.889943074003795,1010,6,527
dry_bean,0.9254355400696864,3,adaptive_capacity_incremental,consolidation,0.9158620689655173,0.9352112676056338,1010,6,710
landsat,0.9664179104477612,0,all_class_baseline,class_stage,0.9664179104477612,0.9664179104477612,1001,0,268
landsat,0.9554655870445344,1,all_class_baseline,class_stage,0.9291338582677166,0.9833333333333333,1001,0,120
landsat,0.8933601609657947,2,all_class_baseline,class_stage,0.8638132295719845,0.925,1001,0,240
landsat,0.48936170212765956,3,all_class_baseline,class_stage,0.5476190476190477,0.4423076923076923,1001,0,104
landsat,0.847457627118644,4,all_class_baseline,class_stage,0.8403361344537815,0.8547008547008547,1001,0,117
landsat,0.8365758754863813,5,all_class_baseline,class_stage,0.8464566929133859,0.8269230769230769,1001,0,260
landsat,0.975609756097561,3,fixed_capacity_incremental,class_stage,0.9900990099009901,0.9615384615384616,1001,0,104
landsat,0.9789029535864979,4,fixed_capacity_incremental,class_stage,0.9666666666666667,0.9914529914529915,1001,0,117
landsat,0.970873786407767,3,fixed_capacity_incremental,class_stage,0.9803921568627451,0.9615384615384616,1001,1,104
landsat,0.9527896995708155,4,fixed_capacity_incremental,class_stage,0.9568965517241379,0.9487179487179487,1001,1,117
landsat,0.9711934156378601,1,fixed_capacity_incremental,class_stage,0.959349593495935,0.9833333333333333,1001,1,120
landsat,0.7959183673469388,3,fixed_capacity_incremental,class_stage,0.8478260869565217,0.75,1001,2,104
landsat,0.9617021276595744,4,fixed_capacity_incremental,class_stage,0.9576271186440678,0.9658119658119658,1001,2,117
landsat,0.9833333333333333,1,fixed_capacity_incremental,class_stage,0.9833333333333333,0.9833333333333333,1001,2,120
landsat,0.9205702647657841,2,fixed_capacity_incremental,class_stage,0.900398406374502,0.9416666666666667,1001,2,240
landsat,0.5257731958762887,3,fixed_capacity_incremental,class_stage,0.5666666666666667,0.49038461538461536,1001,3,104
landsat,0.8833333333333333,4,fixed_capacity_incremental,class_stage,0.8617886178861789,0.905982905982906,1001,3,117
landsat,0.9752066115702479,1,fixed_capacity_incremental,class_stage,0.9672131147540983,0.9833333333333333,1001,3,120
landsat,0.9079754601226994,2,fixed_capacity_incremental,class_stage,0.891566265060241,0.925,1001,3,240
landsat,0.8278529980657641,5,fixed_capacity_incremental,class_stage,0.8326848249027238,0.823076923076923,1001,3,260
landsat,0.5396825396825397,3,fixed_capacity_incremental,class_stage,0.6,0.49038461538461536,1001,4,104
landsat,0.8669527896995708,4,fixed_capacity_incremental,class_stage,0.8706896551724138,0.8632478632478633,1001,4,117
landsat,0.9714285714285714,1,fixed_capacity_incremental,class_stage,0.952,0.9916666666666667,1001,4,120
landsat,0.9112903225806451,2,fixed_capacity_incremental,class_stage,0.8828125,0.9416666666666667,1001,4,240
landsat,0.8439306358381503,5,fixed_capacity_incremental,class_stage,0.8455598455598455,0.8423076923076923,1001,4,260
landsat,0.9776119402985075,0,fixed_capacity_incremental,class_stage,0.9776119402985075,0.9776119402985075,1001,4,268
landsat,0.5951219512195122,3,fixed_capacity_incremental,consolidation,0.6039603960396039,0.5865384615384616,1001,5,104
landsat,0.8503937007874016,4,fixed_capacity_incremental,consolidation,0.7883211678832117,0.9230769230769231,1001,5,117
landsat,0.9711934156378601,1,fixed_capacity_incremental,consolidation,0.959349593495935,0.9833333333333333,1001,5,120
landsat,0.9148514851485149,2,fixed_capacity_incremental,consolidation,0.8716981132075472,0.9625,1001,5,240
landsat,0.826722338204593,5,fixed_capacity_incremental,consolidation,0.9041095890410958,0.7615384615384615,1001,5,260
landsat,0.9774436090225563,0,fixed_capacity_incremental,consolidation,0.9848484848484849,0.9701492537313433,1001,5,268
landsat,0.9569377990430622,3,adaptive_capacity_incremental,class_stage,0.9523809523809523,0.9615384615384616,1001,0,104
landsat,0.9613733905579399,4,adaptive_capacity_incremental,class_stage,0.9655172413793104,0.9572649572649573,1001,0,117
landsat,0.9519230769230769,3,adaptive_capacity_incremental,class_stage,0.9519230769230769,0.9519230769230769,1001,1,104
landsat,0.923728813559322,4,adaptive_capacity_incremental,class_stage,0.9159663865546218,0.9316239316239316,1001,1,117
landsat,0.957983193277311,1,adaptive_capacity_incremental,class_stage,0.9661016949152542,0.95,1001,1,120
landsat,0.7959183673469388,3,adaptive_capacity_incremental,class_stage,0.8478260869565217,0.75,1001,2,104
landsat,0.9699570815450643,4,adaptive_capacity_incremental,class_stage,0.9741379310344828,0.9658119658119658,1001,2,117
landsat,0.979253112033195,1,adaptive_capacity_incremental,class_stage,0.9752066115702479,0.9833333333333333,1001,2,120
landsat,0.9186991869918699,2,adaptive_capacity_incremental,class_stage,0.8968253968253969,0.9416666666666667,1001,2,240
landsat,0.52,3,adaptive_capacity_incremental,class_stage,0.5416666666666666,0.5,1001,3,104
landsat,0.9152542372881356,4,adaptive_capacity_incremental,class_stage,0.907563025210084,0.9230769230769231,1001,3,117
landsat,0.9752066115702479,1,adaptive_capacity_incremental,class_stage,0.9672131147540983,0.9833333333333333,1001,3,120
landsat,0.9034907597535934,2,adaptive_capacity_incremental,class_stage,0.8906882591093117,0.9166666666666666,1001,3,240
landsat,0.8433268858800773,5,adaptive_capacity_incremental,class_stage,0.8482490272373541,0.8384615384615385,1001,3,260
landsat,0.5829145728643216,3,adaptive_capacity_incremental,class_stage,0.6105263157894737,0.5576923076923077,1001,4,104
landsat,0.8796680497925311,4,adaptive_capacity_incremental,class_stage,0.8548387096774194,0.905982905982906,1001,4,117
landsat,0.979253112033195,1,adaptive_capacity_incremental,class_stage,0.9752066115702479,0.9833333333333333,1001,4,120
landsat,0.9090909090909091,2,adaptive_capacity_incremental,class_stage,0.8823529411764706,0.9375,1001,4,240
landsat,0.8435643564356435,5,adaptive_capacity_incremental,class_stage,0.8693877551020408,0.8192307692307692,1001,4,260
landsat,0.9795158286778398,0,adaptive_capacity_incremental,class_stage,0.9776951672862454,0.9813432835820896,1001,4,268
landsat,0.5829145728643216,3,adaptive_capacity_incremental,consolidation,0.6105263157894737,0.5576923076923077,1001,5,104
landsat,0.8796680497925311,4,adaptive_capacity_incremental,consolidation,0.8548387096774194,0.905982905982906,1001,5,117
landsat,0.979253112033195,1,adaptive_capacity_incremental,consolidation,0.9752066115702479,0.9833333333333333,1001,5,120
landsat,0.9090909090909091,2,adaptive_capacity_incremental,consolidation,0.8823529411764706,0.9375,1001,5,240
landsat,0.8435643564356435,5,adaptive_capacity_incremental,consolidation,0.8693877551020408,0.8192307692307692,1001,5,260
landsat,0.9795158286778398,0,adaptive_capacity_incremental,consolidation,0.9776951672862454,0.9813432835820896,1001,5,268
landsat,0.9812734082397003,0,all_class_baseline,class_stage,0.9849624060150376,0.9776119402985075,1002,0,268
landsat,0.9833333333333333,1,all_class_baseline,class_stage,0.9833333333333333,0.9833333333333333,1002,0,120
landsat,0.9004149377593361,2,all_class_baseline,class_stage,0.8966942148760331,0.9041666666666667,1002,0,240
landsat,0.5619047619047619,3,all_class_baseline,class_stage,0.5566037735849056,0.5673076923076923,1002,0,104
landsat,0.8906882591093117,4,all_class_baseline,class_stage,0.8461538461538461,0.9401709401709402,1002,0,117
landsat,0.8435643564356435,5,all_class_baseline,class_stage,0.8693877551020408,0.8192307692307692,1002,0,260
landsat,0.970873786407767,3,fixed_capacity_incremental,class_stage,0.9803921568627451,0.9615384615384616,1002,0,104
landsat,0.9745762711864406,4,fixed_capacity_incremental,class_stage,0.9663865546218487,0.9829059829059829,1002,0,117
landsat,0.9758454106280193,3,fixed_capacity_incremental,class_stage,0.9805825242718447,0.9711538461538461,1002,1,104
landsat,0.9482758620689655,4,fixed_capacity_incremental,class_stage,0.9565217391304348,0.9401709401709402,1002,1,117
landsat,0.9629629629629629,1,fixed_capacity_incremental,class_stage,0.9512195121951219,0.975,1002,1,120
landsat,0.8080808080808081,3,fixed_capacity_incremental,class_stage,0.851063829787234,0.7692307692307693,1002,2,104
landsat,0.9658119658119658,4,fixed_capacity_incremental,class_stage,0.9658119658119658,0.9658119658119658,1002,2,117
landsat,0.9875518672199171,1,fixed_capacity_incremental,class_stage,0.9834710743801653,0.9916666666666667,1002,2,120
landsat,0.9243353783231084,2,fixed_capacity_incremental,class_stage,0.9076305220883534,0.9416666666666667,1002,2,240
landsat,0.5645933014354066,3,fixed_capacity_incremental,class_stage,0.5619047619047619,0.5673076923076923,1002,3,104
landsat,0.907563025210084,4,fixed_capacity_incremental,class_stage,0.8925619834710744,0.9230769230769231,1002,3,117
landsat,0.9794238683127572,1,fixed_capacity_incremental,class_stage,0.967479674796748,0.9916666666666667,1002,3,120
landsat,0.9075975359342916,2,fixed_capacity_incremental,class_stage,0.8947368421052632,0.9208333333333333,1002,3,240
landsat,0.8396039603960396,5,fixed_capacity_incremental,class_stage,0.8653061224489796,0.8153846153846154,1002,3,260
landsat,0.5520833333333334,3,fixed_capacity_incremental,class_stage,0.6022727272727273,0.5096153846153846,1002,4,104
landsat,0.8825910931174089,4,fixed_capacity_incremental,class_stage,0.8384615384615385,0.9316239316239316,1002,4,117
landsat,0.9752066115702479,1,fixed_capacity_incremental,class_stage,0.9672131147540983,0.9833333333333333,1002,4,120
landsat,0.906187624750499,2,fixed_capacity_incremental,class_stage,0.8697318007662835,0.9458333333333333,1002,4,240
landsat,0.8410462776659959,5,fixed_capacity_incremental,class_stage,0.8818565400843882,0.8038461538461539,1002,4,260
landsat,0.9721706864564007,0,fixed_capacity_incremental,class_stage,0.966789667896679,0.9776119402985075,1002,4,268
landsat,0.5671641791044776,3,fixed_capacity_incremental,consolidation,0.5876288659793815,0.5480769230769231,1002,5,104
landsat,0.8934426229508197,4,fixed_capacity_incremental,consolidation,0.8582677165354331,0.9316239316239316,1002,5,117
landsat,0.9752066115702479,1,fixed_capacity_incremental,consolidation,0.9672131147540983,0.9833333333333333,1002,5,120
landsat,0.900398406374502,2,fixed_capacity_incremental,consolidation,0.8625954198473282,0.9416666666666667,1002,5,240
landsat,0.8421052631578947,5,fixed_capacity_incremental,consolidation,0.8888888888888888,0.8,1002,5,260
landsat,0.9794392523364486,0,fixed_capacity_incremental,consolidation,0.9812734082397003,0.9776119402985075,1002,5,268
landsat,0.9371980676328503,3,adaptive_capacity_incremental,class_stage,0.941747572815534,0.9326923076923077,1002,0,104
landsat,0.9446808510638298,4,adaptive_capacity_incremental,class_stage,0.940677966101695,0.9487179487179487,1002,0,117
landsat,0.9665071770334929,3,adaptive_capacity_incremental,class_stage,0.9619047619047619,0.9711538461538461,1002,1,104
landsat,0.9568965517241379,4,adaptive_capacity_incremental,class_stage,0.9652173913043478,0.9487179487179487,1002,1,117
landsat,0.979253112033195,1,adaptive_capacity_incremental,class_stage,0.9752066115702479,0.9833333333333333,1002,1,120
landsat,0.806282722513089,3,adaptive_capacity_incremental,class_stage,0.8850574712643678,0.7403846153846154,1002,2,104
landsat,0.9658119658119658,4,adaptive_capacity_incremental,class_stage,0.9658119658119658,0.9658119658119658,1002,2,117
landsat,0.9752066115702479,1,adaptive_capacity_incremental,class_stage,0.9672131147540983,0.9833333333333333,1002,2,120
landsat,0.9292929292929293,2,adaptive_capacity_incremental,class_stage,0.9019607843137255,0.9583333333333334,1002,2,240
landsat,0.5645933014354066,3,adaptive_capacity_incremental,class_stage,0.5619047619047619,0.5673076923076923,1002,3,104
landsat,0.9037656903765691,4,adaptive_capacity_incremental,class_stage,0.8852459016393442,0.9230769230769231,1002,3,117
landsat,0.9711934156378601,1,adaptive_capacity_incremental,class_stage,0.959349593495935,0.9833333333333333,1002,3,120
landsat,0.9090909090909091,2,adaptive_capacity_incremental,class_stage,0.9227467811158798,0.8958333333333334,1002,3,240
landsat,0.8378378378378378,5,adaptive_capacity_incremental,class_stage,0.8410852713178295,0.8346153846153846,1002,3,260
landsat,0.5865384615384616,3,adaptive_capacity_incremental,class_stage,0.5865384615384616,0.5865384615384616,1002,4,104
landsat,0.8860759493670886,4,adaptive_capacity_incremental,class_stage,0.875,0.8974358974358975,1002,4,117
landsat,0.9666666666666667,1,adaptive_capacity_incremental,class_stage,0.9666666666666667,0.9666666666666667,1002,4,120
landsat,0.9038854805725971,2,adaptive_capacity_incremental,class_stage,0.8875502008032129,0.9208333333333333,1002,4,240
landsat,0.8565815324165029,5,adaptive_capacity_incremental,class_stage,0.8755020080321285,0.8384615384615385,1002,4,260
landsat,0.9794392523364486,0,adaptive_capacity_incremental,class_stage,0.9812734082397003,0.9776119402985075,1002,4,268
landsat,0.5865384615384616,3,adaptive_capacity_incremental,consolidation,0.5865384615384616,0.5865384615384616,1002,5,104
landsat,0.8860759493670886,4,adaptive_capacity_incremental,consolidation,0.875,0.8974358974358975,1002,5,117
landsat,0.9666666666666667,1,adaptive_capacity_incremental,consolidation,0.9666666666666667,0.9666666666666667,1002,5,120
landsat,0.9038854805725971,2,adaptive_capacity_incremental,consolidation,0.8875502008032129,0.9208333333333333,1002,5,240
landsat,0.8565815324165029,5,adaptive_capacity_incremental,consolidation,0.8755020080321285,0.8384615384615385,1002,5,260
landsat,0.9794392523364486,0,adaptive_capacity_incremental,consolidation,0.9812734082397003,0.9776119402985075,1002,5,268
landsat,0.9776119402985075,0,all_class_baseline,class_stage,0.9776119402985075,0.9776119402985075,1003,0,268
landsat,0.9752066115702479,1,all_class_baseline,class_stage,0.9672131147540983,0.9833333333333333,1003,0,120
landsat,0.902834008097166,2,all_class_baseline,class_stage,0.8779527559055118,0.9291666666666667,1003,0,240
landsat,0.5757575757575758,3,all_class_baseline,class_stage,0.6063829787234043,0.5480769230769231,1003,0,104
landsat,0.8744588744588745,4,all_class_baseline,class_stage,0.8859649122807017,0.8632478632478633,1003,0,117
landsat,0.8433268858800773,5,all_class_baseline,class_stage,0.8482490272373541,0.8384615384615385,1003,0,260
landsat,0.9855072463768116,3,fixed_capacity_incremental,class_stage,0.9902912621359223,0.9807692307692307,1003,0,104
landsat,0.9872340425531915,4,fixed_capacity_incremental,class_stage,0.9830508474576272,0.9914529914529915,1003,0,117
landsat,0.975609756097561,3,fixed_capacity_incremental,class_stage,0.9900990099009901,0.9615384615384616,1003,1,104
landsat,0.9482758620689655,4,fixed_capacity_incremental,class_stage,0.9565217391304348,0.9401709401709402,1003,1,117
landsat,0.9551020408163265,1,fixed_capacity_incremental,class_stage,0.936,0.975,1003,1,120
landsat,0.7978723404255319,3,fixed_capacity_incremental,class_stage,0.8928571428571429,0.7211538461538461,1003,2,104
landsat,0.9617021276595744,4,fixed_capacity_incremental,class_stage,0.9576271186440678,0.9658119658119658,1003,2,117
landsat,0.9790794979079498,1,fixed_capacity_incremental,class_stage,0.9831932773109243,0.975,1003,2,120
landsat,0.924,2,fixed_capacity_incremental,class_stage,0.8884615384615384,0.9625,1003,2,240
landsat,0.5416666666666666,3,fixed_capacity_incremental,class_stage,0.5909090909090909,0.5,1003,3,104
landsat,0.8916666666666667,4,fixed_capacity_incremental,class_stage,0.8699186991869918,0.9145299145299145,1003,3,117
landsat,0.970954356846473,1,fixed_capacity_incremental,class_stage,0.9669421487603306,0.975,1003,3,120
landsat,0.9094567404426559,2,fixed_capacity_incremental,class_stage,0.8793774319066148,0.9416666666666667,1003,3,240
landsat,0.84375,5,fixed_capacity_incremental,class_stage,0.8571428571428571,0.8307692307692308,1003,3,260
landsat,0.5297297297297298,3,fixed_capacity_incremental,class_stage,0.6049382716049383,0.47115384615384615,1003,4,104
landsat,0.8512396694214877,4,fixed_capacity_incremental,class_stage,0.824,0.8803418803418803,1003,4,117
landsat,0.9752066115702479,1,fixed_capacity_incremental,class_stage,0.9672131147540983,0.9833333333333333,1003,4,120
landsat,0.9098196392785571,2,fixed_capacity_incremental,class_stage,0.8764478764478765,0.9458333333333333,1003,4,240
landsat,0.837573385518591,5,fixed_capacity_incremental,class_stage,0.852589641434263,0.823076923076923,1003,4,260
landsat,0.9684601113172542,0,fixed_capacity_incremental,class_stage,0.9630996309963099,0.9738805970149254,1003,4,268
landsat,0.5482233502538071,3,fixed_capacity_incremental,consolidation,0.5806451612903226,0.5192307692307693,1003,5,104
landsat,0.8688524590163934,4,fixed_capacity_incremental,consolidation,0.8346456692913385,0.905982905982906,1003,5,117
landsat,0.975,1,fixed_capacity_incremental,consolidation,0.975,0.975,1003,5,120
landsat,0.9068825910931174,2,fixed_capacity_incremental,consolidation,0.8818897637795275,0.9333333333333333,1003,5,240
landsat,0.8369351669941061,5,fixed_capacity_incremental,consolidation,0.8554216867469879,0.8192307692307692,1003,5,260
landsat,0.9775280898876404,0,fixed_capacity_incremental,consolidation,0.981203007518797,0.9738805970149254,1003,5,268
landsat,0.9473684210526315,3,adaptive_capacity_incremental,class_stage,0.9428571428571428,0.9519230769230769,1003,0,104
landsat,0.9527896995708155,4,adaptive_capacity_incremental,class_stage,0.9568965517241379,0.9487179487179487,1003,0,117
landsat,0.9665071770334929,3,adaptive_capacity_incremental,class_stage,0.9619047619047619,0.9711538461538461,1003,1,104
landsat,0.9356223175965666,4,adaptive_capacity_incremental,class_stage,0.9396551724137931,0.9316239316239316,1003,1,117
landsat,0.9583333333333334,1,adaptive_capacity_incremental,class_stage,0.9583333333333334,0.9583333333333334,1003,1,120
landsat,0.7938144329896907,3,adaptive_capacity_incremental,class_stage,0.8555555555555555,0.7403846153846154,1003,2,104
landsat,0.9527896995708155,4,adaptive_capacity_incremental,class_stage,0.9568965517241379,0.9487179487179487,1003,2,117
landsat,0.9711934156378601,1,adaptive_capacity_incremental,class_stage,0.959349593495935,0.9833333333333333,1003,2,120
landsat,0.9227642276422764,2,adaptive_capacity_incremental,class_stage,0.9007936507936508,0.9458333333333333,1003,2,240
landsat,0.5911330049261084,3,adaptive_capacity_incremental,class_stage,0.6060606060606061,0.5769230769230769,1003,3,104
landsat,0.8925619834710744,4,adaptive_capacity_incremental,class_stage,0.864,0.9230769230769231,1003,3,117
landsat,0.9635627530364372,1,adaptive_capacity_incremental,class_stage,0.937007874015748,0.9916666666666667,1003,3,120
landsat,0.90020366598778,2,adaptive_capacity_incremental,class_stage,0.8804780876494024,0.9208333333333333,1003,3,240
landsat,0.8496993987975952,5,adaptive_capacity_incremental,class_stage,0.8870292887029289,0.8153846153846154,1003,3,260
landsat,0.6078431372549019,3,adaptive_capacity_incremental,class_stage,0.62,0.5961538461538461,1003,4,104
landsat,0.8835341365461847,4,adaptive_capacity_incremental,class_stage,0.8333333333333334,0.9401709401709402,1003,4,117
landsat,0.9666666666666667,1,adaptive_capacity_incremental,class_stage,0.9666666666666667,0.9666666666666667,1003,4,120
landsat,0.8983739837398373,2,adaptive_capacity_incremental,class_stage,0.876984126984127,0.9208333333333333,1003,4,240
landsat,0.8548387096774194,5,adaptive_capacity_incremental,class_stage,0.8983050847457628,0.8153846153846154,1003,4,260
landsat,0.9757914338919925,0,adaptive_capacity_incremental,class_stage,0.9739776951672863,0.9776119402985075,1003,4,268
landsat,0.6091370558375635,3,adaptive_capacity_incremental,consolidation,0.6451612903225806,0.5769230769230769,1003,5,104
landsat,0.8870967741935484,4,adaptive_capacity_incremental,consolidation,0.8396946564885496,0.9401709401709402,1003,5,117
landsat,0.9626556016597511,1,adaptive_capacity_incremental,consolidation,0.9586776859504132,0.9666666666666667,1003,5,120
landsat,0.9051383399209486,2,adaptive_capacity_incremental,consolidation,0.8609022556390977,0.9541666666666667,1003,5,240
landsat,0.8565656565656565,5,adaptive_capacity_incremental,consolidation,0.902127659574468,0.8153846153846154,1003,5,260
landsat,0.975517890772128,0,adaptive_capacity_incremental,consolidation,0.9847908745247148,0.9664179104477612,1003,5,268
landsat,0.9812734082397003,0,all_class_baseline,class_stage,0.9849624060150376,0.9776119402985075,1004,0,268
landsat,0.9590163934426229,1,all_class_baseline,class_stage,0.9435483870967742,0.975,1004,0,120
landsat,0.9,2,all_class_baseline,class_stage,0.8653846153846154,0.9375,1004,0,240
landsat,0.572972972972973,3,all_class_baseline,class_stage,0.654320987654321,0.5096153846153846,1004,0,104
landsat,0.8916666666666667,4,all_class_baseline,class_stage,0.8699186991869918,0.9145299145299145,1004,0,117
landsat,0.8660194174757282,5,all_class_baseline,class_stage,0.8745098039215686,0.8576923076923076,1004,0,260
landsat,0.9807692307692307,3,fixed_capacity_incremental,class_stage,0.9807692307692307,0.9807692307692307,1004,0,104
landsat,0.9829059829059829,4,fixed_capacity_incremental,class_stage,0.9829059829059829,0.9829059829059829,1004,0,117
landsat,0.970873786407767,3,fixed_capacity_incremental,class_stage,0.9803921568627451,0.9615384615384616,1004,1,104
landsat,0.9613733905579399,4,fixed_capacity_incremental,class_stage,0.9655172413793104,0.9572649572649573,1004,1,117
landsat,0.9794238683127572,1,fixed_capacity_incremental,class_stage,0.967479674796748,0.9916666666666667,1004,1,120
landsat,0.8167539267015707,3,fixed_capacity_incremental,class_stage,0.896551724137931,0.75,1004,2,104
landsat,0.9572649572649573,4,fixed_capacity_incremental,class_stage,0.9572649572649573,0.9572649572649573,1004,2,117
landsat,0.9834710743801653,1,fixed_capacity_incremental,class_stage,0.9754098360655737,0.9916666666666667,1004,2,120
landsat,0.9333333333333333,2,fixed_capacity_incremental,class_stage,0.9058823529411765,0.9625,1004,2,240
landsat,0.5151515151515151,3,fixed_capacity_incremental,class_stage,0.5425531914893617,0.49038461538461536,1004,3,104
landsat,0.8851063829787233,4,fixed_capacity_incremental,class_stage,0.8813559322033898,0.8888888888888888,1004,3,117
landsat,0.9875518672199171,1,fixed_capacity_incremental,class_stage,0.9834710743801653,0.9916666666666667,1004,3,120
landsat,0.8995983935742972,2,fixed_capacity_incremental,class_stage,0.8682170542635659,0.9333333333333333,1004,3,240
landsat,0.8196078431372549,5,fixed_capacity_incremental,class_stage,0.836,0.8038461538461539,1004,3,260
landsat,0.5603448275862069,3,fixed_capacity_incremental,class_stage,0.5078125,0.625,1004,4,104
landsat,0.8583333333333333,4,fixed_capacity_incremental,class_stage,0.8373983739837398,0.8803418803418803,1004,4,117
landsat,0.9711934156378601,1,fixed_capacity_incremental,class_stage,0.959349593495935,0.9833333333333333,1004,4,120
landsat,0.8948453608247423,2,fixed_capacity_incremental,class_stage,0.8857142857142857,0.9041666666666667,1004,4,240
landsat,0.8115942028985508,5,fixed_capacity_incremental,class_stage,0.8789237668161435,0.7538461538461538,1004,4,260
landsat,0.9719626168224299,0,fixed_capacity_incremental,class_stage,0.9737827715355806,0.9701492537313433,1004,4,268
landsat,0.5314009661835749,3,fixed_capacity_incremental,consolidation,0.5339805825242718,0.5288461538461539,1004,5,104
landsat,0.8713692946058091,4,fixed_capacity_incremental,consolidation,0.8467741935483871,0.8974358974358975,1004,5,117
landsat,0.9629629629629629,1,fixed_capacity_incremental,consolidation,0.9512195121951219,0.975,1004,5,120
landsat,0.8989690721649485,2,fixed_capacity_incremental,consolidation,0.889795918367347,0.9083333333333333,1004,5,240
landsat,0.8356435643564356,5,fixed_capacity_incremental,consolidation,0.8612244897959184,0.8115384615384615,1004,5,260
landsat,0.9757914338919925,0,fixed_capacity_incremental,consolidation,0.9739776951672863,0.9776119402985075,1004,5,268
landsat,0.9711538461538461,3,adaptive_capacity_incremental,class_stage,0.9711538461538461,0.9711538461538461,1004,0,104
landsat,0.9743589743589743,4,adaptive_capacity_incremental,class_stage,0.9743589743589743,0.9743589743589743,1004,0,117
landsat,0.966183574879227,3,adaptive_capacity_incremental,class_stage,0.970873786407767,0.9615384615384616,1004,1,104
landsat,0.9527896995708155,4,adaptive_capacity_incremental,class_stage,0.9568965517241379,0.9487179487179487,1004,1,117
landsat,0.9752066115702479,1,adaptive_capacity_incremental,class_stage,0.9672131147540983,0.9833333333333333,1004,1,120
landsat,0.8341232227488151,3,adaptive_capacity_incremental,class_stage,0.822429906542056,0.8461538461538461,1004,2,104
landsat,0.9572649572649573,4,adaptive_capacity_incremental,class_stage,0.9572649572649573,0.9572649572649573,1004,2,117
landsat,0.979253112033195,1,adaptive_capacity_incremental,class_stage,0.9752066115702479,0.9833333333333333,1004,2,120
landsat,0.9285714285714286,2,adaptive_capacity_incremental,class_stage,0.9364406779661016,0.9208333333333333,1004,2,240
landsat,0.538860103626943,3,adaptive_capacity_incremental,class_stage,0.5842696629213483,0.5,1004,3,104
landsat,0.9105691056910569,4,adaptive_capacity_incremental,class_stage,0.8682170542635659,0.9572649572649573,1004,3,117
landsat,0.979253112033195,1,adaptive_capacity_incremental,class_stage,0.9752066115702479,0.9833333333333333,1004,3,120
landsat,0.9036144578313253,2,adaptive_capacity_incremental,class_stage,0.872093023255814,0.9375,1004,3,240
landsat,0.8452380952380952,5,adaptive_capacity_incremental,class_stage,0.8729508196721312,0.8192307692307692,1004,3,260
landsat,0.5876288659793815,3,adaptive_capacity_incremental,class_stage,0.6333333333333333,0.5480769230769231,1004,4,104
landsat,0.8739495798319328,4,adaptive_capacity_incremental,class_stage,0.859504132231405,0.8888888888888888,1004,4,117
landsat,0.975,1,adaptive_capacity_incremental,class_stage,0.975,0.975,1004,4,120
landsat,0.9043824701195219,2,adaptive_capacity_incremental,class_stage,0.8664122137404581,0.9458333333333333,1004,4,240
landsat,0.8628230616302187,5,adaptive_capacity_incremental,class_stage,0.8930041152263375,0.8346153846153846,1004,4,260
landsat,0.9648798521256932,0,adaptive_capacity_incremental,class_stage,0.9560439560439561,0.9738805970149254,1004,4,268
landsat,0.5933014354066986,3,adaptive_capacity_incremental,consolidation,0.5904761904761905,0.5961538461538461,1004,5,104
landsat,0.889795918367347,4,adaptive_capacity_incremental,consolidation,0.8515625,0.9316239316239316,1004,5,117
landsat,0.970954356846473,1,adaptive_capacity_incremental,consolidation,0.9669421487603306,0.975,1004,5,120
landsat,0.897119341563786,2,adaptive_capacity_incremental,consolidation,0.8861788617886179,0.9083333333333333,1004,5,240
landsat,0.8565656565656565,5,adaptive_capacity_incremental,consolidation,0.902127659574468,0.8153846153846154,1004,5,260
landsat,0.9704797047970479,0,adaptive_capacity_incremental,consolidation,0.9598540145985401,0.9813432835820896,1004,5,268
landsat,0.9721706864564007,0,all_class_baseline,class_stage,0.966789667896679,0.9776119402985075,1005,0,268
landsat,0.9714285714285714,1,all_class_baseline,class_stage,0.952,0.9916666666666667,1005,0,120
landsat,0.8870967741935484,2,all_class_baseline,class_stage,0.859375,0.9166666666666666,1005,0,240
landsat,0.5026737967914439,3,all_class_baseline,class_stage,0.5662650602409639,0.4519230769230769,1005,0,104
landsat,0.8796680497925311,4,all_class_baseline,class_stage,0.8548387096774194,0.905982905982906,1005,0,117
landsat,0.8352941176470589,5,all_class_baseline,class_stage,0.852,0.8192307692307692,1005,0,260
landsat,0.9807692307692307,3,fixed_capacity_incremental,class_stage,0.9807692307692307,0.9807692307692307,1005,0,104
landsat,0.9829059829059829,4,fixed_capacity_incremental,class_stage,0.9829059829059829,0.9829059829059829,1005,0,117
landsat,0.9758454106280193,3,fixed_capacity_incremental,class_stage,0.9805825242718447,0.9711538461538461,1005,1,104
landsat,0.9572649572649573,4,fixed_capacity_incremental,class_stage,0.9572649572649573,0.9572649572649573,1005,1,117
landsat,0.970954356846473,1,fixed_capacity_incremental,class_stage,0.9669421487603306,0.975,1005,1,120
landsat,0.7960199004975125,3,fixed_capacity_incremental,class_stage,0.8247422680412371,0.7692307692307693,1005,2,104
landsat,0.9658119658119658,4,fixed_capacity_incremental,class_stage,0.9658119658119658,0.9658119658119658,1005,2,117
landsat,0.9707112970711297,1,fixed_capacity_incremental,class_stage,0.9747899159663865,0.9666666666666667,1005,2,120
landsat,0.9221311475409836,2,fixed_capacity_incremental,class_stage,0.907258064516129,0.9375,1005,2,240
landsat,0.5504587155963303,3,fixed_capacity_incremental,class_stage,0.5263157894736842,0.5769230769230769,1005,3,104
landsat,0.8925619834710744,4,fixed_capacity_incremental,class_stage,0.864,0.9230769230769231,1005,3,117
landsat,0.975,1,fixed_capacity_incremental,class_stage,0.975,0.975,1005,3,120
landsat,0.9014675052410901,2,fixed_capacity_incremental,class_stage,0.9071729957805907,0.8958333333333334,1005,3,240
landsat,0.8277227722772277,5,fixed_capacity_incremental,class_stage,0.8530612244897959,0.8038461538461539,1005,3,260
landsat,0.5454545454545454,3,fixed_capacity_incremental,class_stage,0.574468085106383,0.5192307692307693,1005,4,104
landsat,0.8770491803278688,4,fixed_capacity_incremental,class_stage,0.84251968503937,0.9145299145299145,1005,4,117
landsat,0.9669421487603306,1,fixed_capacity_incremental,class_stage,0.9590163934426229,0.975,1005,4,120
landsat,0.9105691056910569,2,fixed_capacity_incremental,class_stage,0.8888888888888888,0.9333333333333333,1005,4,240
landsat,0.8441814595660749,5,fixed_capacity_incremental,class_stage,0.8663967611336032,0.823076923076923,1005,4,260
landsat,0.9794392523364486,0,fixed_capacity_incremental,class_stage,0.9812734082397003,0.9776119402985075,1005,4,268
landsat,0.5454545454545454,3,fixed_capacity_incremental,consolidation,0.574468085106383,0.5192307692307693,1005,5,104
landsat,0.8770491803278688,4,fixed_capacity_incremental,consolidation,0.84251968503937,0.9145299145299145,1005,5,117
landsat,0.9669421487603306,1,fixed_capacity_incremental,consolidation,0.9590163934426229,0.975,1005,5,120
landsat,0.9105691056910569,2,fixed_capacity_incremental,consolidation,0.8888888888888888,0.9333333333333333,1005,5,240
landsat,0.8441814595660749,5,fixed_capacity_incremental,consolidation,0.8663967611336032,0.823076923076923,1005,5,260
landsat,0.9794392523364486,0,fixed_capacity_incremental,consolidation,0.9812734082397003,0.9776119402985075,1005,5,268
landsat,0.9619047619047619,3,adaptive_capacity_incremental,class_stage,0.9528301886792453,0.9711538461538461,1005,0,104
landsat,0.9655172413793104,4,adaptive_capacity_incremental,class_stage,0.9739130434782609,0.9572649572649573,1005,0,117
landsat,0.9665071770334929,3,adaptive_capacity_incremental,class_stage,0.9619047619047619,0.9711538461538461,1005,1,104
landsat,0.9523809523809523,4,adaptive_capacity_incremental,class_stage,0.9649122807017544,0.9401709401709402,1005,1,117
landsat,0.9752066115702479,1,adaptive_capacity_incremental,class_stage,0.9672131147540983,0.9833333333333333,1005,1,120
landsat,0.81,3,adaptive_capacity_incremental,class_stage,0.84375,0.7788461538461539,1005,2,104
landsat,0.9531914893617022,4,adaptive_capacity_incremental,class_stage,0.9491525423728814,0.9572649572649573,1005,2,117
landsat,0.970954356846473,1,adaptive_capacity_incremental,class_stage,0.9669421487603306,0.975,1005,2,120
landsat,0.9300411522633745,2,adaptive_capacity_incremental,class_stage,0.9186991869918699,0.9416666666666667,1005,2,240
landsat,0.5714285714285714,3,adaptive_capacity_incremental,class_stage,0.5660377358490566,0.5769230769230769,1005,3,104
landsat,0.9166666666666666,4,adaptive_capacity_incremental,class_stage,0.8943089430894309,0.9401709401709402,1005,3,117
landsat,0.9794238683127572,1,adaptive_capacity_incremental,class_stage,0.967479674796748,0.9916666666666667,1005,3,120
landsat,0.9090909090909091,2,adaptive_capacity_incremental,class_stage,0.9016393442622951,0.9166666666666666,1005,3,240
landsat,0.8435643564356435,5,adaptive_capacity_incremental,class_stage,0.8693877551020408,0.8192307692307692,1005,3,260
landsat,0.5816326530612245,3,adaptive_capacity_incremental,class_stage,0.6195652173913043,0.5480769230769231,1005,4,104
landsat,0.8925619834710744,4,adaptive_capacity_incremental,class_stage,0.864,0.9230769230769231,1005,4,117
landsat,0.9711934156378601,1,adaptive_capacity_incremental,class_stage,0.959349593495935,0.9833333333333333,1005,4,120
landsat,0.9131313131313131,2,adaptive_capacity_incremental,class_stage,0.8862745098039215,0.9416666666666667,1005,4,240
landsat,0.8549019607843137,5,adaptive_capacity_incremental,class_stage,0.872,0.8384615384615385,1005,4,260
landsat,0.9736842105263158,0,adaptive_capacity_incremental,class_stage,0.9810606060606061,0.9664179104477612,1005,4,268
landsat,0.5816326530612245,3,adaptive_capacity_incremental,consolidation,0.6195652173913043,0.5480769230769231,1005,5,104
landsat,0.8925619834710744,4,adaptive_capacity_incremental,consolidation,0.864,0.9230769230769231,1005,5,117
landsat,0.9711934156378601,1,adaptive_capacity_incremental,consolidation,0.959349593495935,0.9833333333333333,1005,5,120
landsat,0.9131313131313131,2,adaptive_capacity_incremental,consolidation,0.8862745098039215,0.9416666666666667,1005,5,240
landsat,0.8549019607843137,5,adaptive_capacity_incremental,consolidation,0.872,0.8384615384615385,1005,5,260
landsat,0.9736842105263158,0,adaptive_capacity_incremental,consolidation,0.9810606060606061,0.9664179104477612,1005,5,268
landsat,0.9759704251386322,0,all_class_baseline,class_stage,0.967032967032967,0.9850746268656716,1006,0,268
landsat,0.957983193277311,1,all_class_baseline,class_stage,0.9661016949152542,0.95,1006,0,120
landsat,0.9012345679012346,2,all_class_baseline,class_stage,0.8902439024390244,0.9125,1006,0,240
landsat,0.5125628140703518,3,all_class_baseline,class_stage,0.5368421052631579,0.49038461538461536,1006,0,104
landsat,0.8373983739837398,4,all_class_baseline,class_stage,0.7984496124031008,0.8803418803418803,1006,0,117
landsat,0.8346456692913385,5,all_class_baseline,class_stage,0.8548387096774194,0.8153846153846154,1006,0,260
landsat,0.970873786407767,3,fixed_capacity_incremental,class_stage,0.9803921568627451,0.9615384615384616,1006,0,104
landsat,0.9745762711864406,4,fixed_capacity_incremental,class_stage,0.9663865546218487,0.9829059829059829,1006,0,117
landsat,0.9658536585365853,3,fixed_capacity_incremental,class_stage,0.9801980198019802,0.9519230769230769,1006,1,104
landsat,0.9658119658119658,4,fixed_capacity_incremental,class_stage,0.9658119658119658,0.9658119658119658,1006,1,117
landsat,0.9794238683127572,1,fixed_capacity_incremental,class_stage,0.967479674796748,0.9916666666666667,1006,1,120
landsat,0.7860696517412935,3,fixed_capacity_incremental,class_stage,0.8144329896907216,0.7596153846153846,1006,2,104
landsat,0.9655172413793104,4,fixed_capacity_incremental,class_stage,0.9739130434782609,0.9572649572649573,1006,2,117
landsat,0.9836065573770492,1,fixed_capacity_incremental,class_stage,0.967741935483871,1.0,1006,2,120
landsat,0.9154639175257732,2,fixed_capacity_incremental,class_stage,0.9061224489795918,0.925,1006,2,240
landsat,0.5314009661835749,3,fixed_capacity_incremental,class_stage,0.5339805825242718,0.5288461538461539,1006,3,104
landsat,0.9045643153526971,4,fixed_capacity_incremental,class_stage,0.8790322580645161,0.9316239316239316,1006,3,117
landsat,0.9875518672199171,1,fixed_capacity_incremental,class_stage,0.9834710743801653,0.9916666666666667,1006,3,120
landsat,0.9004149377593361,2,fixed_capacity_incremental,class_stage,0.8966942148760331,0.9041666666666667,1006,3,240
landsat,0.8297455968688845,5,fixed_capacity_incremental,class_stage,0.8446215139442231,0.8153846153846154,1006,3,260
landsat,0.5297297297297298,3,fixed_capacity_incremental,class_stage,0.6049382716049383,0.47115384615384615,1006,4,104
landsat,0.8898305084745762,4,fixed_capacity_incremental,class_stage,0.8823529411764706,0.8974358974358975,1006,4,117
landsat,0.9794238683127572,1,fixed_capacity_incremental,class_stage,0.967479674796748,0.9916666666666667,1006,4,120
landsat,0.9054325955734407,2,fixed_capacity_incremental,class_stage,0.8754863813229572,0.9375,1006,4,240
landsat,0.8400770712909441,5,fixed_capacity_incremental,class_stage,0.8416988416988417,0.8384615384615385,1006,4,260
landsat,0.9739776951672863,0,fixed_capacity_incremental,class_stage,0.9703703703703703,0.9776119402985075,1006,4,268
landsat,0.6,3,fixed_capacity_incremental,consolidation,0.625,0.5769230769230769,1006,5,104
landsat,0.8641975308641975,4,fixed_capacity_incremental,consolidation,0.8333333333333334,0.8974358974358975,1006,5,117
landsat,0.9669421487603306,1,fixed_capacity_incremental,consolidation,0.9590163934426229,0.975,1006,5,120
landsat,0.9087301587301587,2,fixed_capacity_incremental,consolidation,0.8674242424242424,0.9541666666666667,1006,5,240
landsat,0.8387096774193549,5,fixed_capacity_incremental,consolidation,0.8813559322033898,0.8,1006,5,260
landsat,0.975609756097561,0,fixed_capacity_incremental,consolidation,0.9811320754716981,0.9701492537313433,1006,5,268
landsat,0.9351851851851852,3,adaptive_capacity_incremental,class_stage,0.9017857142857143,0.9711538461538461,1006,0,104
landsat,0.9380530973451328,4,adaptive_capacity_incremental,class_stage,0.9724770642201835,0.905982905982906,1006,0,117
landsat,0.9615384615384616,3,adaptive_capacity_incremental,class_stage,0.9615384615384616,0.9615384615384616,1006,1,104
landsat,0.9437229437229437,4,adaptive_capacity_incremental,class_stage,0.956140350877193,0.9316239316239316,1006,1,117
landsat,0.9711934156378601,1,adaptive_capacity_incremental,class_stage,0.959349593495935,0.9833333333333333,1006,1,120
landsat,0.797979797979798,3,adaptive_capacity_incremental,class_stage,0.8404255319148937,0.7596153846153846,1006,2,104
landsat,0.9276595744680851,4,adaptive_capacity_incremental,class_stage,0.923728813559322,0.9316239316239316,1006,2,117
landsat,0.9626556016597511,1,adaptive_capacity_incremental,class_stage,0.9586776859504132,0.9666666666666667,1006,2,120
landsat,0.9180327868852459,2,adaptive_capacity_incremental,class_stage,0.9032258064516129,0.9333333333333333,1006,2,240
landsat,0.5434782608695652,3,adaptive_capacity_incremental,class_stage,0.625,0.4807692307692308,1006,3,104
landsat,0.869198312236287,4,adaptive_capacity_incremental,class_stage,0.8583333333333333,0.8803418803418803,1006,3,117
landsat,0.9629629629629629,1,adaptive_capacity_incremental,class_stage,0.9512195121951219,0.975,1006,3,120
landsat,0.9141716566866267,2,adaptive_capacity_incremental,class_stage,0.8773946360153256,0.9541666666666667,1006,3,240
landsat,0.839458413926499,5,adaptive_capacity_incremental,class_stage,0.8443579766536965,0.8346153846153846,1006,3,260
landsat,0.5714285714285714,3,adaptive_capacity_incremental,class_stage,0.5660377358490566,0.5769230769230769,1006,4,104
landsat,0.8688524590163934,4,adaptive_capacity_incremental,class_stage,0.8346456692913385,0.905982905982906,1006,4,117
landsat,0.9583333333333334,1,adaptive_capacity_incremental,class_stage,0.9583333333333334,0.9583333333333334,1006,4,120
landsat,0.9034907597535934,2,adaptive_capacity_incremental,class_stage,0.8906882591093117,0.9166666666666666,1006,4,240
landsat,0.844,5,adaptive_capacity_incremental,class_stage,0.8791666666666667,0.8115384615384615,1006,4,260
landsat,0.9795158286778398,0,adaptive_capacity_incremental,class_stage,0.9776951672862454,0.9813432835820896,1006,4,268
landsat,0.593607305936073,3,adaptive_capacity_incremental,consolidation,0.5652173913043478,0.625,1006,5,104
landsat,0.8663967611336032,4,adaptive_capacity_incremental,consolidation,0.823076923076923,0.9145299145299145,1006,5,117
landsat,0.9586776859504132,1,adaptive_capacity_incremental,consolidation,0.9508196721311475,0.9666666666666667,1006,5,120
landsat,0.9012345679012346,2,adaptive_capacity_incremental,consolidation,0.8902439024390244,0.9125,1006,5,240
landsat,0.8436213991769548,5,adaptive_capacity_incremental,consolidation,0.9070796460176991,0.7884615384615384,1006,5,260
landsat,0.9776951672862454,0,adaptive_capacity_incremental,consolidation,0.9740740740740741,0.9813432835820896,1006,5,268
landsat,0.9776119402985075,0,all_class_baseline,class_stage,0.9776119402985075,0.9776119402985075,1007,0,268
landsat,0.9711934156378601,1,all_class_baseline,class_stage,0.959349593495935,0.9833333333333333,1007,0,120
landsat,0.9038854805725971,2,all_class_baseline,class_stage,0.8875502008032129,0.9208333333333333,1007,0,240
landsat,0.56,3,all_class_baseline,class_stage,0.5833333333333334,0.5384615384615384,1007,0,104
landsat,0.8962655601659751,4,all_class_baseline,class_stage,0.8709677419354839,0.9230769230769231,1007,0,117
landsat,0.8605108055009824,5,all_class_baseline,class_stage,0.8795180722891566,0.8423076923076923,1007,0,260
landsat,0.9758454106280193,3,fixed_capacity_incremental,class_stage,0.9805825242718447,0.9711538461538461,1007,0,104
landsat,0.9787234042553191,4,fixed_capacity_incremental,class_stage,0.9745762711864406,0.9829059829059829,1007,0,117
landsat,0.970873786407767,3,fixed_capacity_incremental,class_stage,0.9803921568627451,0.9615384615384616,1007,1,104
landsat,0.9437229437229437,4,fixed_capacity_incremental,class_stage,0.956140350877193,0.9316239316239316,1007,1,117
landsat,0.963265306122449,1,fixed_capacity_incremental,class_stage,0.944,0.9833333333333333,1007,1,120
landsat,0.7857142857142857,3,fixed_capacity_incremental,class_stage,0.8369565217391305,0.7403846153846154,1007,2,104
landsat,0.9519650655021834,4,fixed_capacity_incremental,class_stage,0.9732142857142857,0.9316239316239316,1007,2,117
landsat,0.9754098360655737,1,fixed_capacity_incremental,class_stage,0.9596774193548387,0.9916666666666667,1007,2,120
landsat,0.9249492900608519,2,fixed_capacity_incremental,class_stage,0.9011857707509882,0.95,1007,2,240
landsat,0.4972972972972973,3,fixed_capacity_incremental,class_stage,0.5679012345679012,0.4423076923076923,1007,3,104
landsat,0.8823529411764706,4,fixed_capacity_incremental,class_stage,0.8677685950413223,0.8974358974358975,1007,3,117
landsat,0.9669421487603306,1,fixed_capacity_incremental,class_stage,0.9590163934426229,0.975,1007,3,120
landsat,0.9139344262295082,2,fixed_capacity_incremental,class_stage,0.8991935483870968,0.9291666666666667,1007,3,240
landsat,0.8355387523629489,5,fixed_capacity_incremental,class_stage,0.8215613382899628,0.85,1007,3,260
landsat,0.5615763546798029,3,fixed_capacity_incremental,class_stage,0.5757575757575758,0.5480769230769231,1007,4,104
landsat,0.8898305084745762,4,fixed_capacity_incremental,class_stage,0.8823529411764706,0.8974358974358975,1007,4,117
landsat,0.963265306122449,1,fixed_capacity_incremental,class_stage,0.944,0.9833333333333333,1007,4,120
landsat,0.9030927835051547,2,fixed_capacity_incremental,class_stage,0.8938775510204081,0.9125,1007,4,240
landsat,0.8499025341130604,5,fixed_capacity_incremental,class_stage,0.8616600790513834,0.8384615384615385,1007,4,260
landsat,0.9813432835820896,0,fixed_capacity_incremental,class_stage,0.9813432835820896,0.9813432835820896,1007,4,268
landsat,0.5615763546798029,3,fixed_capacity_incremental,consolidation,0.5757575757575758,0.5480769230769231,1007,5,104
landsat,0.8898305084745762,4,fixed_capacity_incremental,consolidation,0.8823529411764706,0.8974358974358975,1007,5,117
landsat,0.963265306122449,1,fixed_capacity_incremental,consolidation,0.944,0.9833333333333333,1007,5,120
landsat,0.9030927835051547,2,fixed_capacity_incremental,consolidation,0.8938775510204081,0.9125,1007,5,240
landsat,0.8499025341130604,5,fixed_capacity_incremental,consolidation,0.8616600790513834,0.8384615384615385,1007,5,260
landsat,0.9813432835820896,0,fixed_capacity_incremental,consolidation,0.9813432835820896,0.9813432835820896,1007,5,268
landsat,0.9665071770334929,3,adaptive_capacity_incremental,class_stage,0.9619047619047619,0.9711538461538461,1007,0,104
landsat,0.9699570815450643,4,adaptive_capacity_incremental,class_stage,0.9741379310344828,0.9658119658119658,1007,0,117
landsat,0.9565217391304348,3,adaptive_capacity_incremental,class_stage,0.9611650485436893,0.9519230769230769,1007,1,104
landsat,0.923728813559322,4,adaptive_capacity_incremental,class_stage,0.9159663865546218,0.9316239316239316,1007,1,117
landsat,0.9539748953974896,1,adaptive_capacity_incremental,class_stage,0.957983193277311,0.95,1007,1,120
landsat,0.79,3,adaptive_capacity_incremental,class_stage,0.8229166666666666,0.7596153846153846,1007,2,104
landsat,0.9527896995708155,4,adaptive_capacity_incremental,class_stage,0.9568965517241379,0.9487179487179487,1007,2,117
landsat,0.975,1,adaptive_capacity_incremental,class_stage,0.975,0.975,1007,2,120
landsat,0.9202453987730062,2,adaptive_capacity_incremental,class_stage,0.9036144578313253,0.9375,1007,2,240
landsat,0.5818181818181818,3,adaptive_capacity_incremental,class_stage,0.5517241379310345,0.6153846153846154,1007,3,104
landsat,0.8861788617886179,4,adaptive_capacity_incremental,class_stage,0.8449612403100775,0.9316239316239316,1007,3,117
landsat,0.9714285714285714,1,adaptive_capacity_incremental,class_stage,0.952,0.9916666666666667,1007,3,120
landsat,0.911340206185567,2,adaptive_capacity_incremental,class_stage,0.9020408163265307,0.9208333333333333,1007,3,240
landsat,0.823045267489712,5,adaptive_capacity_incremental,class_stage,0.8849557522123894,0.7692307692307693,1007,3,260
landsat,0.5971563981042654,3,adaptive_capacity_incremental,class_stage,0.5887850467289719,0.6057692307692307,1007,4,104
landsat,0.8786610878661087,4,adaptive_capacity_incremental,class_stage,0.860655737704918,0.8974358974358975,1007,4,117
landsat,0.9672131147540983,1,adaptive_capacity_incremental,class_stage,0.9516129032258065,0.9833333333333333,1007,4,120
landsat,0.9046653144016227,2,adaptive_capacity_incremental,class_stage,0.8814229249011858,0.9291666666666667,1007,4,240
landsat,0.8450704225352113,5,adaptive_capacity_incremental,class_stage,0.8860759493670886,0.8076923076923077,1007,4,260
landsat,0.9812734082397003,0,adaptive_capacity_incremental,class_stage,0.9849624060150376,0.9776119402985075,1007,4,268
landsat,0.5971563981042654,3,adaptive_capacity_incremental,consolidation,0.5887850467289719,0.6057692307692307,1007,5,104
landsat,0.8786610878661087,4,adaptive_capacity_incremental,consolidation,0.860655737704918,0.8974358974358975,1007,5,117
landsat,0.9672131147540983,1,adaptive_capacity_incremental,consolidation,0.9516129032258065,0.9833333333333333,1007,5,120
landsat,0.9046653144016227,2,adaptive_capacity_incremental,consolidation,0.8814229249011858,0.9291666666666667,1007,5,240
landsat,0.8450704225352113,5,adaptive_capacity_incremental,consolidation,0.8860759493670886,0.8076923076923077,1007,5,260
landsat,0.9812734082397003,0,adaptive_capacity_incremental,consolidation,0.9849624060150376,0.9776119402985075,1007,5,268
landsat,0.9831144465290806,0,all_class_baseline,class_stage,0.9886792452830189,0.9776119402985075,1008,0,268
landsat,0.9714285714285714,1,all_class_baseline,class_stage,0.952,0.9916666666666667,1008,0,120
landsat,0.8937875751503006,2,all_class_baseline,class_stage,0.861003861003861,0.9291666666666667,1008,0,240
landsat,0.5333333333333333,3,all_class_baseline,class_stage,0.5714285714285714,0.5,1008,0,104
landsat,0.88,4,all_class_baseline,class_stage,0.8270676691729323,0.9401709401709402,1008,0,117
landsat,0.8387096774193549,5,all_class_baseline,class_stage,0.8813559322033898,0.8,1008,0,260
landsat,0.9345794392523364,3,fixed_capacity_incremental,class_stage,0.9090909090909091,0.9615384615384616,1008,0,104
landsat,0.9385964912280702,4,fixed_capacity_incremental,class_stage,0.963963963963964,0.9145299145299145,1008,0,117
landsat,0.970873786407767,3,fixed_capacity_incremental,class_stage,0.9803921568627451,0.9615384615384616,1008,1,104
landsat,0.9743589743589743,4,fixed_capacity_incremental,class_stage,0.9743589743589743,0.9743589743589743,1008,1,117
landsat,0.9834710743801653,1,fixed_capacity_incremental,class_stage,0.9754098360655737,0.9916666666666667,1008,1,120
landsat,0.7715736040609137,3,fixed_capacity_incremental,class_stage,0.8172043010752689,0.7307692307692307,1008,2,104
landsat,0.9655172413793104,4,fixed_capacity_incremental,class_stage,0.9739130434782609,0.9572649572649573,1008,2,117
landsat,0.9752066115702479,1,fixed_capacity_incremental,class_stage,0.9672131147540983,0.9833333333333333,1008,2,120
landsat,0.9124236252545825,2,fixed_capacity_incremental,class_stage,0.8924302788844621,0.9333333333333333,1008,2,240
landsat,0.5728155339805825,3,fixed_capacity_incremental,class_stage,0.5784313725490197,0.5673076923076923,1008,3,104
landsat,0.9061224489795918,4,fixed_capacity_incremental,class_stage,0.8671875,0.9487179487179487,1008,3,117
landsat,0.9711934156378601,1,fixed_capacity_incremental,class_stage,0.959349593495935,0.9833333333333333,1008,3,120
landsat,0.9142857142857143,2,fixed_capacity_incremental,class_stage,0.896,0.9333333333333333,1008,3,240
landsat,0.8393574297188755,5,fixed_capacity_incremental,class_stage,0.8781512605042017,0.8038461538461539,1008,3,260
landsat,0.6192893401015228,3,fixed_capacity_incremental,class_stage,0.6559139784946236,0.5865384615384616,1008,4,104
landsat,0.896551724137931,4,fixed_capacity_incremental,class_stage,0.9043478260869565,0.8888888888888888,1008,4,117
landsat,0.9711934156378601,1,fixed_capacity_incremental,class_stage,0.959349593495935,0.9833333333333333,1008,4,120
landsat,0.9215291750503019,2,fixed_capacity_incremental,class_stage,0.8910505836575876,0.9541666666666667,1008,4,240
landsat,0.8610567514677103,5,fixed_capacity_incremental,class_stage,0.8764940239043825,0.8461538461538461,1008,4,260
landsat,0.9814126394052045,0,fixed_capacity_incremental,class_stage,0.9777777777777777,0.9850746268656716,1008,4,268
landsat,0.6192893401015228,3,fixed_capacity_incremental,consolidation,0.6559139784946236,0.5865384615384616,1008,5,104
landsat,0.896551724137931,4,fixed_capacity_incremental,consolidation,0.9043478260869565,0.8888888888888888,1008,5,117
landsat,0.9711934156378601,1,fixed_capacity_incremental,consolidation,0.959349593495935,0.9833333333333333,1008,5,120
landsat,0.9215291750503019,2,fixed_capacity_incremental,consolidation,0.8910505836575876,0.9541666666666667,1008,5,240
landsat,0.8610567514677103,5,fixed_capacity_incremental,consolidation,0.8764940239043825,0.8461538461538461,1008,5,260
landsat,0.9814126394052045,0,fixed_capacity_incremental,consolidation,0.9777777777777777,0.9850746268656716,1008,5,268
landsat,0.9473684210526315,3,adaptive_capacity_incremental,class_stage,0.9428571428571428,0.9519230769230769,1008,0,104
landsat,0.9527896995708155,4,adaptive_capacity_incremental,class_stage,0.9568965517241379,0.9487179487179487,1008,0,117
landsat,0.966183574879227,3,adaptive_capacity_incremental,class_stage,0.970873786407767,0.9615384615384616,1008,1,104
landsat,0.9572649572649573,4,adaptive_capacity_incremental,class_stage,0.9572649572649573,0.9572649572649573,1008,1,117
landsat,0.979253112033195,1,adaptive_capacity_incremental,class_stage,0.9752066115702479,0.9833333333333333,1008,1,120
landsat,0.8,3,adaptive_capacity_incremental,class_stage,0.8837209302325582,0.7307692307692307,1008,2,104
landsat,0.9572649572649573,4,adaptive_capacity_incremental,class_stage,0.9572649572649573,0.9572649572649573,1008,2,117
landsat,0.9752066115702479,1,adaptive_capacity_incremental,class_stage,0.9672131147540983,0.9833333333333333,1008,2,120
landsat,0.9274193548387096,2,adaptive_capacity_incremental,class_stage,0.8984375,0.9583333333333334,1008,2,240
landsat,0.5492227979274611,3,adaptive_capacity_incremental,class_stage,0.5955056179775281,0.5096153846153846,1008,3,104
landsat,0.9090909090909091,4,adaptive_capacity_incremental,class_stage,0.88,0.9401709401709402,1008,3,117
landsat,0.9711934156378601,1,adaptive_capacity_incremental,class_stage,0.959349593495935,0.9833333333333333,1008,3,120
landsat,0.9105691056910569,2,adaptive_capacity_incremental,class_stage,0.8888888888888888,0.9333333333333333,1008,3,240
landsat,0.83984375,5,adaptive_capacity_incremental,class_stage,0.8531746031746031,0.8269230769230769,1008,3,260
landsat,0.5608465608465608,3,adaptive_capacity_incremental,class_stage,0.6235294117647059,0.5096153846153846,1008,4,104
landsat,0.9008264462809917,4,adaptive_capacity_incremental,class_stage,0.872,0.9316239316239316,1008,4,117
landsat,0.9669421487603306,1,adaptive_capacity_incremental,class_stage,0.9590163934426229,0.975,1008,4,120
landsat,0.9083665338645418,2,adaptive_capacity_incremental,class_stage,0.8702290076335878,0.95,1008,4,240
landsat,0.8503937007874016,5,adaptive_capacity_incremental,class_stage,0.8709677419354839,0.8307692307692308,1008,4,260
landsat,0.9757009345794393,0,adaptive_capacity_incremental,class_stage,0.9775280898876404,0.9738805970149254,1008,4,268
landsat,0.5608465608465608,3,adaptive_capacity_incremental,consolidation,0.6235294117647059,0.5096153846153846,1008,5,104
landsat,0.9008264462809917,4,adaptive_capacity_incremental,consolidation,0.872,0.9316239316239316,1008,5,117
landsat,0.9669421487603306,1,adaptive_capacity_incremental,consolidation,0.9590163934426229,0.975,1008,5,120
landsat,0.9083665338645418,2,adaptive_capacity_incremental,consolidation,0.8702290076335878,0.95,1008,5,240
landsat,0.8503937007874016,5,adaptive_capacity_incremental,consolidation,0.8709677419354839,0.8307692307692308,1008,5,260
landsat,0.9757009345794393,0,adaptive_capacity_incremental,consolidation,0.9775280898876404,0.9738805970149254,1008,5,268
landsat,0.9757009345794393,0,all_class_baseline,class_stage,0.9775280898876404,0.9738805970149254,1009,0,268
landsat,0.979253112033195,1,all_class_baseline,class_stage,0.9752066115702479,0.9833333333333333,1009,0,120
landsat,0.9123505976095617,2,all_class_baseline,class_stage,0.8740458015267175,0.9541666666666667,1009,0,240
landsat,0.6009852216748769,3,all_class_baseline,class_stage,0.6161616161616161,0.5865384615384616,1009,0,104
landsat,0.8943089430894309,4,all_class_baseline,class_stage,0.8527131782945736,0.9401709401709402,1009,0,117
landsat,0.8594704684317719,5,all_class_baseline,class_stage,0.9134199134199135,0.8115384615384615,1009,0,260
landsat,0.9473684210526315,3,fixed_capacity_incremental,class_stage,0.9428571428571428,0.9519230769230769,1009,0,104
landsat,0.9527896995708155,4,fixed_capacity_incremental,class_stage,0.9568965517241379,0.9487179487179487,1009,0,117
landsat,0.9758454106280193,3,fixed_capacity_incremental,class_stage,0.9805825242718447,0.9711538461538461,1009,1,104
landsat,0.9699570815450643,4,fixed_capacity_incremental,class_stage,0.9741379310344828,0.9658119658119658,1009,1,117
landsat,0.9834710743801653,1,fixed_capacity_incremental,class_stage,0.9754098360655737,0.9916666666666667,1009,1,120
landsat,0.8155339805825242,3,fixed_capacity_incremental,class_stage,0.8235294117647058,0.8076923076923077,1009,2,104
landsat,0.9568965517241379,4,fixed_capacity_incremental,class_stage,0.9652173913043478,0.9487179487179487,1009,2,117
landsat,0.9794238683127572,1,fixed_capacity_incremental,class_stage,0.967479674796748,0.9916666666666667,1009,2,120
landsat,0.9230769230769231,2,fixed_capacity_incremental,class_stage,0.921161825726141,0.925,1009,2,240
landsat,0.5619047619047619,3,fixed_capacity_incremental,class_stage,0.5566037735849056,0.5673076923076923,1009,3,104
landsat,0.8916666666666667,4,fixed_capacity_incremental,class_stage,0.8699186991869918,0.9145299145299145,1009,3,117
landsat,0.9714285714285714,1,fixed_capacity_incremental,class_stage,0.952,0.9916666666666667,1009,3,120
landsat,0.9102040816326531,2,fixed_capacity_incremental,class_stage,0.892,0.9291666666666667,1009,3,240
landsat,0.8329979879275654,5,fixed_capacity_incremental,class_stage,0.8734177215189873,0.7961538461538461,1009,3,260
landsat,0.5026737967914439,3,fixed_capacity_incremental,class_stage,0.5662650602409639,0.4519230769230769,1009,4,104
landsat,0.8861788617886179,4,fixed_capacity_incremental,class_stage,0.8449612403100775,0.9316239316239316,1009,4,117
landsat,0.979253112033195,1,fixed_capacity_incremental,class_stage,0.9752066115702479,0.9833333333333333,1009,4,120
landsat,0.9021956087824351,2,fixed_capacity_incremental,class_stage,0.8659003831417624,0.9416666666666667,1009,4,240
landsat,0.8307086614173228,5,fixed_capacity_incremental,class_stage,0.8508064516129032,0.8115384615384615,1009,4,260
landsat,0.9794392523364486,0,fixed_capacity_incremental,class_stage,0.9812734082397003,0.9776119402985075,1009,4,268
landsat,0.5507246376811594,3,fixed_capacity_incremental,consolidation,0.5533980582524272,0.5480769230769231,1009,5,104
landsat,0.8852459016393442,4,fixed_capacity_incremental,consolidation,0.8503937007874016,0.9230769230769231,1009,5,117
landsat,0.975,1,fixed_capacity_incremental,consolidation,0.975,0.975,1009,5,120
landsat,0.8933601609657947,2,fixed_capacity_incremental,consolidation,0.8638132295719845,0.925,1009,5,240
landsat,0.8306451612903226,5,fixed_capacity_incremental,consolidation,0.8728813559322034,0.7923076923076923,1009,5,260
landsat,0.9775280898876404,0,fixed_capacity_incremental,consolidation,0.981203007518797,0.9738805970149254,1009,5,268
landsat,0.9339622641509434,3,adaptive_capacity_incremental,class_stage,0.9166666666666666,0.9519230769230769,1009,0,104
landsat,0.9391304347826087,4,adaptive_capacity_incremental,class_stage,0.9557522123893806,0.9230769230769231,1009,0,117
landsat,0.9519230769230769,3,adaptive_capacity_incremental,class_stage,0.9519230769230769,0.9519230769230769,1009,1,104
landsat,0.927038626609442,4,adaptive_capacity_incremental,class_stage,0.9310344827586207,0.9230769230769231,1009,1,117
landsat,0.9626556016597511,1,adaptive_capacity_incremental,class_stage,0.9586776859504132,0.9666666666666667,1009,1,120
landsat,0.7897435897435897,3,adaptive_capacity_incremental,class_stage,0.8461538461538461,0.7403846153846154,1009,2,104
landsat,0.9576271186440678,4,adaptive_capacity_incremental,class_stage,0.9495798319327731,0.9658119658119658,1009,2,117
landsat,0.979253112033195,1,adaptive_capacity_incremental,class_stage,0.9752066115702479,0.9833333333333333,1009,2,120
landsat,0.9224489795918367,2,adaptive_capacity_incremental,class_stage,0.904,0.9416666666666667,1009,2,240
landsat,0.5463414634146342,3,adaptive_capacity_incremental,class_stage,0.5544554455445545,0.5384615384615384,1009,3,104
landsat,0.891566265060241,4,adaptive_capacity_incremental,class_stage,0.8409090909090909,0.9487179487179487,1009,3,117
landsat,0.9752066115702479,1,adaptive_capacity_incremental,class_stage,0.9672131147540983,0.9833333333333333,1009,3,120
landsat,0.9024390243902439,2,adaptive_capacity_incremental,class_stage,0.8809523809523809,0.925,1009,3,240
landsat,0.8340080971659919,5,adaptive_capacity_incremental,class_stage,0.8803418803418803,0.7923076923076923,1009,3,260
landsat,0.5658536585365853,3,adaptive_capacity_incremental,class_stage,0.5742574257425742,0.5576923076923077,1009,4,104
landsat,0.8776371308016878,4,adaptive_capacity_incremental,class_stage,0.8666666666666667,0.8888888888888888,1009,4,117
landsat,0.967479674796748,1,adaptive_capacity_incremental,class_stage,0.9444444444444444,0.9916666666666667,1009,4,120
landsat,0.9102040816326531,2,adaptive_capacity_incremental,class_stage,0.892,0.9291666666666667,1009,4,240
landsat,0.8435643564356435,5,adaptive_capacity_incremental,class_stage,0.8693877551020408,0.8192307692307692,1009,4,260
landsat,0.9794392523364486,0,adaptive_capacity_incremental,class_stage,0.9812734082397003,0.9776119402985075,1009,4,268
landsat,0.5658536585365853,3,adaptive_capacity_incremental,consolidation,0.5742574257425742,0.5576923076923077,1009,5,104
landsat,0.8776371308016878,4,adaptive_capacity_incremental,consolidation,0.8666666666666667,0.8888888888888888,1009,5,117
landsat,0.967479674796748,1,adaptive_capacity_incremental,consolidation,0.9444444444444444,0.9916666666666667,1009,5,120
landsat,0.9102040816326531,2,adaptive_capacity_incremental,consolidation,0.892,0.9291666666666667,1009,5,240
landsat,0.8435643564356435,5,adaptive_capacity_incremental,consolidation,0.8693877551020408,0.8192307692307692,1009,5,260
landsat,0.9794392523364486,0,adaptive_capacity_incremental,consolidation,0.9812734082397003,0.9776119402985075,1009,5,268
landsat,0.9723756906077348,0,all_class_baseline,class_stage,0.96,0.9850746268656716,1010,0,268
landsat,0.9714285714285714,1,all_class_baseline,class_stage,0.952,0.9916666666666667,1010,0,120
landsat,0.9042769857433809,2,all_class_baseline,class_stage,0.8844621513944223,0.925,1010,0,240
landsat,0.5658536585365853,3,all_class_baseline,class_stage,0.5742574257425742,0.5576923076923077,1010,0,104
landsat,0.8986784140969163,4,all_class_baseline,class_stage,0.9272727272727272,0.8717948717948718,1010,0,117
landsat,0.8560157790927022,5,all_class_baseline,class_stage,0.8785425101214575,0.8346153846153846,1010,0,260
landsat,0.9619047619047619,3,fixed_capacity_incremental,class_stage,0.9528301886792453,0.9711538461538461,1010,0,104
landsat,0.9655172413793104,4,fixed_capacity_incremental,class_stage,0.9739130434782609,0.9572649572649573,1010,0,117
landsat,0.9569377990430622,3,fixed_capacity_incremental,class_stage,0.9523809523809523,0.9615384615384616,1010,1,104
landsat,0.9482758620689655,4,fixed_capacity_incremental,class_stage,0.9565217391304348,0.9401709401709402,1010,1,117
landsat,0.970954356846473,1,fixed_capacity_incremental,class_stage,0.9669421487603306,0.975,1010,1,120
landsat,0.7941176470588235,3,fixed_capacity_incremental,class_stage,0.81,0.7788461538461539,1010,2,104
landsat,0.9572649572649573,4,fixed_capacity_incremental,class_stage,0.9572649572649573,0.9572649572649573,1010,2,117
landsat,0.979253112033195,1,fixed_capacity_incremental,class_stage,0.9752066115702479,0.9833333333333333,1010,2,120
landsat,0.9151138716356108,2,fixed_capacity_incremental,class_stage,0.9094650205761317,0.9208333333333333,1010,2,240
landsat,0.5871559633027523,3,fixed_capacity_incremental,class_stage,0.5614035087719298,0.6153846153846154,1010,3,104
landsat,0.8936170212765957,4,fixed_capacity_incremental,class_stage,0.8898305084745762,0.8974358974358975,1010,3,117
landsat,0.9711934156378601,1,fixed_capacity_incremental,class_stage,0.959349593495935,0.9833333333333333,1010,3,120
landsat,0.8968421052631579,2,fixed_capacity_incremental,class_stage,0.9063829787234042,0.8875,1010,3,240
landsat,0.8414872798434442,5,fixed_capacity_incremental,class_stage,0.8565737051792829,0.8269230769230769,1010,3,260
landsat,0.5955555555555555,3,fixed_capacity_incremental,class_stage,0.5537190082644629,0.6442307692307693,1010,4,104
landsat,0.8666666666666667,4,fixed_capacity_incremental,class_stage,0.8455284552845529,0.8888888888888888,1010,4,117
landsat,0.9711934156378601,1,fixed_capacity_incremental,class_stage,0.959349593495935,0.9833333333333333,1010,4,120
landsat,0.9061224489795918,2,fixed_capacity_incremental,class_stage,0.888,0.925,1010,4,240
landsat,0.8274428274428275,5,fixed_capacity_incremental,class_stage,0.9004524886877828,0.7653846153846153,1010,4,260
landsat,0.9758812615955473,0,fixed_capacity_incremental,class_stage,0.9704797047970479,0.9813432835820896,1010,4,268
landsat,0.5980392156862745,3,fixed_capacity_incremental,consolidation,0.61,0.5865384615384616,1010,5,104
landsat,0.8888888888888888,4,fixed_capacity_incremental,consolidation,0.8571428571428571,0.9230769230769231,1010,5,117
landsat,0.9711934156378601,1,fixed_capacity_incremental,consolidation,0.959349593495935,0.9833333333333333,1010,5,120
landsat,0.9151138716356108,2,fixed_capacity_incremental,consolidation,0.9094650205761317,0.9208333333333333,1010,5,240
landsat,0.8487229862475442,5,fixed_capacity_incremental,consolidation,0.8674698795180723,0.8307692307692308,1010,5,260
landsat,0.9813432835820896,0,fixed_capacity_incremental,consolidation,0.9813432835820896,0.9813432835820896,1010,5,268
landsat,0.9523809523809523,3,adaptive_capacity_incremental,class_stage,0.9433962264150944,0.9615384615384616,1010,0,104
landsat,0.9568965517241379,4,adaptive_capacity_incremental,class_stage,0.9652173913043478,0.9487179487179487,1010,0,117
landsat,0.9619047619047619,3,adaptive_capacity_incremental,class_stage,0.9528301886792453,0.9711538461538461,1010,1,104
landsat,0.9519650655021834,4,adaptive_capacity_incremental,class_stage,0.9732142857142857,0.9316239316239316,1010,1,117
landsat,0.9794238683127572,1,adaptive_capacity_incremental,class_stage,0.967479674796748,0.9916666666666667,1010,1,120
landsat,0.7860696517412935,3,adaptive_capacity_incremental,class_stage,0.8144329896907216,0.7596153846153846,1010,2,104
landsat,0.9655172413793104,4,adaptive_capacity_incremental,class_stage,0.9739130434782609,0.9572649572649573,1010,2,117
landsat,0.9876543209876543,1,adaptive_capacity_incremental,class_stage,0.975609756097561,1.0,1010,2,120
landsat,0.9135802469135802,2,adaptive_capacity_incremental,class_stage,0.9024390243902439,0.925,1010,2,240
landsat,0.5185185185185185,3,adaptive_capacity_incremental,class_stage,0.5764705882352941,0.47115384615384615,1010,3,104
landsat,0.8916666666666667,4,adaptive_capacity_incremental,class_stage,0.8699186991869918,0.9145299145299145,1010,3,117
landsat,0.9714285714285714,1,adaptive_capacity_incremental,class_stage,0.952,0.9916666666666667,1010,3,120
landsat,0.907258064516129,2,adaptive_capacity_incremental,class_stage,0.87890625,0.9375,1010,3,240
landsat,0.84375,5,adaptive_capacity_incremental,class_stage,0.8571428571428571,0.8307692307692308,1010,3,260
landsat,0.542713567839196,3,adaptive_capacity_incremental,class_stage,0.5684210526315789,0.5192307692307693,1010,4,104
landsat,0.8734693877551021,4,adaptive_capacity_incremental,class_stage,0.8359375,0.9145299145299145,1010,4,117
landsat,0.9714285714285714,1,adaptive_capacity_incremental,class_stage,0.952,0.9916666666666667,1010,4,120
landsat,0.9087221095334685,2,adaptive_capacity_incremental,class_stage,0.8853754940711462,0.9333333333333333,1010,4,240
landsat,0.8469184890656064,5,adaptive_capacity_incremental,class_stage,0.8765432098765432,0.8192307692307692,1010,4,260
landsat,0.9793621013133208,0,adaptive_capacity_incremental,class_stage,0.9849056603773585,0.9738805970149254,1010,4,268
landsat,0.542713567839196,3,adaptive_capacity_incremental,consolidation,0.5684210526315789,0.5192307692307693,1010,5,104
landsat,0.8734693877551021,4,adaptive_capacity_incremental,consolidation,0.8359375,0.9145299145299145,1010,5,117
landsat,0.9714285714285714,1,adaptive_capacity_incremental,consolidation,0.952,0.9916666666666667,1010,5,120
landsat,0.9087221095334685,2,adaptive_capacity_incremental,consolidation,0.8853754940711462,0.9333333333333333,1010,5,240
landsat,0.8469184890656064,5,adaptive_capacity_incremental,consolidation,0.8765432098765432,0.8192307692307692,1010,5,260
landsat,0.9793621013133208,0,adaptive_capacity_incremental,consolidation,0.9849056603773585,0.9738805970149254,1010,5,268
optdigits,0.9894736842105263,0,all_class_baseline,class_stage,0.9791666666666666,1.0,1001,0,94
optdigits,0.8847926267281107,1,all_class_baseline,class_stage,0.8,0.9896907216494846,1001,0,97
optdigits,0.9583333333333334,2,all_class_baseline,class_stage,0.9484536082474226,0.968421052631579,1001,0,95
optdigits,0.97,3,all_class_baseline,class_stage,0.941747572815534,1.0,1001,0,97
optdigits,0.96,4,all_class_baseline,class_stage,0.9320388349514563,0.9896907216494846,1001,0,97
optdigits,0.9787234042553191,5,all_class_baseline,class_stage,0.9787234042553191,0.9787234042553191,1001,0,94
optdigits,0.9841269841269841,6,all_class_baseline,class_stage,0.9789473684210527,0.9893617021276596,1001,0,94
optdigits,0.9583333333333334,7,all_class_baseline,class_stage,0.968421052631579,0.9484536082474226,1001,0,97
optdigits,0.8786127167630058,8,all_class_baseline,class_stage,0.9743589743589743,0.8,1001,0,95
optdigits,0.8421052631578947,9,all_class_baseline,class_stage,0.96,0.75,1001,0,96
optdigits,0.9629629629629629,9,fixed_capacity_incremental,class_stage,0.978494623655914,0.9479166666666666,1001,0,96
optdigits,0.9637305699481865,8,fixed_capacity_incremental,class_stage,0.9489795918367347,0.9789473684210527,1001,0,95
optdigits,0.9222222222222223,9,fixed_capacity_incremental,class_stage,0.9880952380952381,0.8645833333333334,1001,1,96
optdigits,0.9637305699481865,8,fixed_capacity_incremental,class_stage,0.9489795918367347,0.9789473684210527,1001,1,95
optdigits,0.9556650246305419,7,fixed_capacity_incremental,class_stage,0.9150943396226415,1.0,1001,1,97
optdigits,0.9162011173184358,9,fixed_capacity_incremental,class_stage,0.9879518072289156,0.8541666666666666,1001,2,96
optdigits,0.9375,8,fixed_capacity_incremental,class_stage,0.9278350515463918,0.9473684210526315,1001,2,95
optdigits,0.9411764705882353,7,fixed_capacity_incremental,class_stage,0.897196261682243,0.9896907216494846,1001,2,97
optdigits,0.9629629629629629,6,fixed_capacity_incremental,class_stage,0.9578947368421052,0.9680851063829787,1001,2,94
optdigits,0.8961748633879781,9,fixed_capacity_incremental,class_stage,0.9425287356321839,0.8541666666666666,1001,3,96
optdigits,0.9528795811518325,8,fixed_capacity_incremental,class_stage,0.9479166666666666,0.9578947368421052,1001,3,95
optdigits,0.9253731343283582,7,fixed_capacity_incremental,class_stage,0.8942307692307693,0.9587628865979382,1001,3,97
optdigits,0.9789473684210527,6,fixed_capacity_incremental,class_stage,0.96875,0.9893617021276596,1001,3,94
optdigits,0.9625668449197861,5,fixed_capacity_incremental,class_stage,0.967741935483871,0.9574468085106383,1001,3,94
optdigits,0.8651685393258427,9,fixed_capacity_incremental,class_stage,0.9390243902439024,0.8020833333333334,1001,4,96
optdigits,0.946236559139785,8,fixed_capacity_incremental,class_stage,0.967032967032967,0.9263157894736842,1001,4,95
optdigits,0.9484536082474226,7,fixed_capacity_incremental,class_stage,0.9484536082474226,0.9484536082474226,1001,4,97
optdigits,0.983957219251337,6,fixed_capacity_incremental,class_stage,0.989247311827957,0.9787234042553191,1001,4,94
optdigits,0.96875,5,fixed_capacity_incremental,class_stage,0.9489795918367347,0.9893617021276596,1001,4,94
optdigits,0.9186602870813397,4,fixed_capacity_incremental,class_stage,0.8571428571428571,0.9896907216494846,1001,4,97
optdigits,0.8777777777777778,9,fixed_capacity_incremental,class_stage,0.9404761904761905,0.8229166666666666,1001,5,96
optdigits,0.9340659340659341,8,fixed_capacity_incremental,class_stage,0.9770114942528736,0.8947368421052632,1001,5,95
optdigits,0.9690721649484536,7,fixed_capacity_incremental,class_stage,0.9690721649484536,0.9690721649484536,1001,5,97
optdigits,0.983957219251337,6,fixed_capacity_incremental,class_stage,0.989247311827957,0.9787234042553191,1001,5,94
optdigits,0.9738219895287958,5,fixed_capacity_incremental,class_stage,0.9587628865979382,0.9893617021276596,1001,5,94
optdigits,0.927536231884058,4,fixed_capacity_incremental,class_stage,0.8727272727272727,0.9896907216494846,1001,5,97
optdigits,0.9547738693467337,3,fixed_capacity_incremental,class_stage,0.9313725490196079,0.979381443298969,1001,5,97
optdigits,0.8813559322033898,9,fixed_capacity_incremental,class_stage,0.9629629629629629,0.8125,1001,6,96
optdigits,0.9398907103825137,8,fixed_capacity_incremental,class_stage,0.9772727272727273,0.9052631578947369,1001,6,95
optdigits,0.968421052631579,7,fixed_capacity_incremental,class_stage,0.989247311827957,0.9484536082474226,1001,6,97
optdigits,0.9787234042553191,6,fixed_capacity_incremental,class_stage,0.9787234042553191,0.9787234042553191,1001,6,94
optdigits,0.968421052631579,5,fixed_capacity_incremental,class_stage,0.9583333333333334,0.9787234042553191,1001,6,94
optdigits,0.9320388349514563,4,fixed_capacity_incremental,class_stage,0.8807339449541285,0.9896907216494846,1001,6,97
optdigits,0.9411764705882353,3,fixed_capacity_incremental,class_stage,0.897196261682243,0.9896907216494846,1001,6,97
optdigits,0.9791666666666666,2,fixed_capacity_incremental,class_stage,0.9690721649484536,0.9894736842105263,1001,6,95
optdigits,0.875,9,fixed_capacity_incremental,class_stage,0.9625,0.8020833333333334,1001,7,96
optdigits,0.9,8,fixed_capacity_incremental,class_stage,0.9529411764705882,0.8526315789473684,1001,7,95
optdigits,0.9528795811518325,7,fixed_capacity_incremental,class_stage,0.9680851063829787,0.9381443298969072,1001,7,97
optdigits,0.989247311827957,6,fixed_capacity_incremental,class_stage,1.0,0.9787234042553191,1001,7,94
optdigits,0.983957219251337,5,fixed_capacity_incremental,class_stage,0.989247311827957,0.9787234042553191,1001,7,94
optdigits,0.95,4,fixed_capacity_incremental,class_stage,0.9223300970873787,0.979381443298969,1001,7,97
optdigits,0.9547738693467337,3,fixed_capacity_incremental,class_stage,0.9313725490196079,0.979381443298969,1001,7,97
optdigits,0.9738219895287958,2,fixed_capacity_incremental,class_stage,0.96875,0.9789473684210527,1001,7,95
optdigits,0.8785046728971962,1,fixed_capacity_incremental,class_stage,0.8034188034188035,0.9690721649484536,1001,7,97
optdigits,0.8554913294797688,9,fixed_capacity_incremental,class_stage,0.961038961038961,0.7708333333333334,1001,8,96
optdigits,0.8926553672316384,8,fixed_capacity_incremental,class_stage,0.9634146341463414,0.8315789473684211,1001,8,95
optdigits,0.9633507853403142,7,fixed_capacity_incremental,class_stage,0.9787234042553191,0.9484536082474226,1001,8,97
optdigits,0.9893617021276596,6,fixed_capacity_incremental,class_stage,0.9893617021276596,0.9893617021276596,1001,8,94
optdigits,0.968421052631579,5,fixed_capacity_incremental,class_stage,0.9583333333333334,0.9787234042553191,1001,8,94
optdigits,0.9552238805970149,4,fixed_capacity_incremental,class_stage,0.9230769230769231,0.9896907216494846,1001,8,97
optdigits,0.9743589743589743,3,fixed_capacity_incremental,class_stage,0.9693877551020408,0.979381443298969,1001,8,97
optdigits,0.9738219895287958,2,fixed_capacity_incremental,class_stage,0.96875,0.9789473684210527,1001,8,95
optdigits,0.8888888888888888,1,fixed_capacity_incremental,class_stage,0.8067226890756303,0.9896907216494846,1001,8,97
optdigits,0.9894736842105263,0,fixed_capacity_incremental,class_stage,0.9791666666666666,1.0,1001,8,94
optdigits,0.875,9,fixed_capacity_incremental,consolidation,0.9625,0.8020833333333334,1001,9,96
optdigits,0.8926553672316384,8,fixed_capacity_incremental,consolidation,0.9634146341463414,0.8315789473684211,1001,9,95
optdigits,0.96875,7,fixed_capacity_incremental,consolidation,0.9789473684210527,0.9587628865979382,1001,9,97
optdigits,0.9735449735449735,6,fixed_capacity_incremental,consolidation,0.968421052631579,0.9787234042553191,1001,9,94
optdigits,0.9735449735449735,5,fixed_capacity_incremental,consolidation,0.968421052631579,0.9787234042553191,1001,9,94
optdigits,0.96,4,fixed_capacity_incremental,consolidation,0.9320388349514563,0.9896907216494846,1001,9,97
optdigits,0.9743589743589743,3,fixed_capacity_incremental,consolidation,0.9693877551020408,0.979381443298969,1001,9,97
optdigits,0.9894736842105263,2,fixed_capacity_incremental,consolidation,0.9894736842105263,0.9894736842105263,1001,9,95
optdigits,0.9107981220657277,1,fixed_capacity_incremental,consolidation,0.8362068965517241,1.0,1001,9,97
optdigits,0.9842931937172775,0,fixed_capacity_incremental,consolidation,0.9690721649484536,1.0,1001,9,94
optdigits,0.9518716577540107,9,adaptive_capacity_incremental,class_stage,0.978021978021978,0.9270833333333334,1001,0,96
optdigits,0.9538461538461539,8,adaptive_capacity_incremental,class_stage,0.93,0.9789473684210527,1001,0,95
optdigits,0.9297297297297298,9,adaptive_capacity_incremental,class_stage,0.9662921348314607,0.8958333333333334,1001,1,96
optdigits,0.9583333333333334,8,adaptive_capacity_incremental,class_stage,0.9484536082474226,0.968421052631579,1001,1,95
optdigits,0.964824120603015,7,adaptive_capacity_incremental,class_stage,0.9411764705882353,0.9896907216494846,1001,1,97
optdigits,0.9392265193370166,9,adaptive_capacity_incremental,class_stage,1.0,0.8854166666666666,1001,2,96
optdigits,0.9473684210526315,8,adaptive_capacity_incremental,class_stage,0.9473684210526315,0.9473684210526315,1001,2,95
optdigits,0.9651741293532339,7,adaptive_capacity_incremental,class_stage,0.9326923076923077,1.0,1001,2,97
optdigits,0.96875,6,adaptive_capacity_incremental,class_stage,0.9489795918367347,0.9893617021276596,1001,2,94
optdigits,0.9297297297297298,9,adaptive_capacity_incremental,class_stage,0.9662921348314607,0.8958333333333334,1001,3,96
optdigits,0.9523809523809523,8,adaptive_capacity_incremental,class_stage,0.9574468085106383,0.9473684210526315,1001,3,95
optdigits,0.96,7,adaptive_capacity_incremental,class_stage,0.9320388349514563,0.9896907216494846,1001,3,97
optdigits,0.9841269841269841,6,adaptive_capacity_incremental,class_stage,0.9789473684210527,0.9893617021276596,1001,3,94
optdigits,0.9629629629629629,5,adaptive_capacity_incremental,class_stage,0.9578947368421052,0.9680851063829787,1001,3,94
optdigits,0.9021739130434783,9,adaptive_capacity_incremental,class_stage,0.9431818181818182,0.8645833333333334,1001,4,96
optdigits,0.9405405405405406,8,adaptive_capacity_incremental,class_stage,0.9666666666666667,0.9157894736842105,1001,4,95
optdigits,0.9353233830845771,7,adaptive_capacity_incremental,class_stage,0.9038461538461539,0.9690721649484536,1001,4,97
optdigits,0.967032967032967,6,adaptive_capacity_incremental,class_stage,1.0,0.9361702127659575,1001,4,94
optdigits,0.9637305699481865,5,adaptive_capacity_incremental,class_stage,0.9393939393939394,0.9893617021276596,1001,4,94
optdigits,0.8955223880597015,4,adaptive_capacity_incremental,class_stage,0.8653846153846154,0.9278350515463918,1001,4,97
optdigits,0.88268156424581,9,adaptive_capacity_incremental,class_stage,0.9518072289156626,0.8229166666666666,1001,5,96
optdigits,0.9456521739130435,8,adaptive_capacity_incremental,class_stage,0.9775280898876404,0.9157894736842105,1001,5,95
optdigits,0.9543147208121827,7,adaptive_capacity_incremental,class_stage,0.94,0.9690721649484536,1001,5,97
optdigits,0.983957219251337,6,adaptive_capacity_incremental,class_stage,0.989247311827957,0.9787234042553191,1001,5,94
optdigits,0.9738219895287958,5,adaptive_capacity_incremental,class_stage,0.9587628865979382,0.9893617021276596,1001,5,94
optdigits,0.916256157635468,4,adaptive_capacity_incremental,class_stage,0.8773584905660378,0.9587628865979382,1001,5,97
optdigits,0.9547738693467337,3,adaptive_capacity_incremental,class_stage,0.9313725490196079,0.979381443298969,1001,5,97
optdigits,0.875,9,adaptive_capacity_incremental,class_stage,0.9625,0.8020833333333334,1001,6,96
optdigits,0.9565217391304348,8,adaptive_capacity_incremental,class_stage,0.9887640449438202,0.9263157894736842,1001,6,95
optdigits,0.9587628865979382,7,adaptive_capacity_incremental,class_stage,0.9587628865979382,0.9587628865979382,1001,6,97
optdigits,0.983957219251337,6,adaptive_capacity_incremental,class_stage,0.989247311827957,0.9787234042553191,1001,6,94
optdigits,0.96875,5,adaptive_capacity_incremental,class_stage,0.9489795918367347,0.9893617021276596,1001,6,94
optdigits,0.9320388349514563,4,adaptive_capacity_incremental,class_stage,0.8807339449541285,0.9896907216494846,1001,6,97
optdigits,0.9552238805970149,3,adaptive_capacity_incremental,class_stage,0.9230769230769231,0.9896907216494846,1001,6,97
optdigits,0.9789473684210527,2,adaptive_capacity_incremental,class_stage,0.9789473684210527,0.9789473684210527,1001,6,95
optdigits,0.8372093023255814,9,adaptive_capacity_incremental,class_stage,0.9473684210526315,0.75,1001,7,96
optdigits,0.8961748633879781,8,adaptive_capacity_incremental,class_stage,0.9318181818181818,0.8631578947368421,1001,7,95
optdigits,0.9583333333333334,7,adaptive_capacity_incremental,class_stage,0.968421052631579,0.9484536082474226,1001,7,97
optdigits,0.9893617021276596,6,adaptive_capacity_incremental,class_stage,0.9893617021276596,0.9893617021276596,1001,7,94
optdigits,0.968421052631579,5,adaptive_capacity_incremental,class_stage,0.9583333333333334,0.9787234042553191,1001,7,94
optdigits,0.94,4,adaptive_capacity_incremental,class_stage,0.912621359223301,0.9690721649484536,1001,7,97
optdigits,0.9693877551020408,3,adaptive_capacity_incremental,class_stage,0.9595959595959596,0.979381443298969,1001,7,97
optdigits,0.9424083769633508,2,adaptive_capacity_incremental,class_stage,0.9375,0.9473684210526315,1001,7,95
optdigits,0.8962264150943396,1,adaptive_capacity_incremental,class_stage,0.8260869565217391,0.979381443298969,1001,7,97
optdigits,0.8421052631578947,9,adaptive_capacity_incremental,class_stage,0.96,0.75,1001,8,96
optdigits,0.9060773480662984,8,adaptive_capacity_incremental,class_stage,0.9534883720930233,0.8631578947368421,1001,8,95
optdigits,0.96875,7,adaptive_capacity_incremental,class_stage,0.9789473684210527,0.9587628865979382,1001,8,97
optdigits,0.9782608695652174,6,adaptive_capacity_incremental,class_stage,1.0,0.9574468085106383,1001,8,94
optdigits,0.968421052631579,5,adaptive_capacity_incremental,class_stage,0.9583333333333334,0.9787234042553191,1001,8,94
optdigits,0.9359605911330049,4,adaptive_capacity_incremental,class_stage,0.8962264150943396,0.979381443298969,1001,8,97
optdigits,0.9795918367346939,3,adaptive_capacity_incremental,class_stage,0.9696969696969697,0.9896907216494846,1001,8,97
optdigits,0.9578947368421052,2,adaptive_capacity_incremental,class_stage,0.9578947368421052,0.9578947368421052,1001,8,95
optdigits,0.8930232558139535,1,adaptive_capacity_incremental,class_stage,0.8135593220338984,0.9896907216494846,1001,8,97
optdigits,0.9894736842105263,0,adaptive_capacity_incremental,class_stage,0.9791666666666666,1.0,1001,8,94
optdigits,0.8554913294797688,9,adaptive_capacity_incremental,consolidation,0.961038961038961,0.7708333333333334,1001,9,96
optdigits,0.9060773480662984,8,adaptive_capacity_incremental,consolidation,0.9534883720930233,0.8631578947368421,1001,9,95
optdigits,0.96875,7,adaptive_capacity_incremental,consolidation,0.9789473684210527,0.9587628865979382,1001,9,97
optdigits,0.9732620320855615,6,adaptive_capacity_incremental,consolidation,0.978494623655914,0.9680851063829787,1001,9,94
optdigits,0.9633507853403142,5,adaptive_capacity_incremental,consolidation,0.9484536082474226,0.9787234042553191,1001,9,94
optdigits,0.9405940594059405,4,adaptive_capacity_incremental,consolidation,0.9047619047619048,0.979381443298969,1001,9,97
optdigits,0.9795918367346939,3,adaptive_capacity_incremental,consolidation,0.9696969696969697,0.9896907216494846,1001,9,97
optdigits,0.9629629629629629,2,adaptive_capacity_incremental,consolidation,0.9680851063829787,0.9578947368421052,1001,9,95
optdigits,0.8909952606635071,1,adaptive_capacity_incremental,consolidation,0.8245614035087719,0.9690721649484536,1001,9,97
optdigits,0.9894736842105263,0,adaptive_capacity_incremental,consolidation,0.9791666666666666,1.0,1001,9,94
optdigits,0.9894736842105263,0,all_class_baseline,class_stage,0.9791666666666666,1.0,1002,0,94
optdigits,0.8962264150943396,1,all_class_baseline,class_stage,0.8260869565217391,0.979381443298969,1002,0,97
optdigits,0.9533678756476683,2,all_class_baseline,class_stage,0.9387755102040817,0.968421052631579,1002,0,95
optdigits,0.9846153846153847,3,all_class_baseline,class_stage,0.9795918367346939,0.9896907216494846,1002,0,97
optdigits,0.9504950495049505,4,all_class_baseline,class_stage,0.9142857142857143,0.9896907216494846,1002,0,97
optdigits,0.9787234042553191,5,all_class_baseline,class_stage,0.9787234042553191,0.9787234042553191,1002,0,94
optdigits,0.9947089947089947,6,all_class_baseline,class_stage,0.9894736842105263,1.0,1002,0,94
optdigits,0.9591836734693877,7,all_class_baseline,class_stage,0.9494949494949495,0.9690721649484536,1002,0,97
optdigits,0.898876404494382,8,all_class_baseline,class_stage,0.963855421686747,0.8421052631578947,1002,0,95
optdigits,0.8402366863905325,9,all_class_baseline,class_stage,0.9726027397260274,0.7395833333333334,1002,0,96
optdigits,0.9732620320855615,9,fixed_capacity_incremental,class_stage,1.0,0.9479166666666666,1002,0,96
optdigits,0.9743589743589743,8,fixed_capacity_incremental,class_stage,0.95,1.0,1002,0,95
optdigits,0.9180327868852459,9,fixed_capacity_incremental,class_stage,0.9655172413793104,0.875,1002,1,96
optdigits,0.9791666666666666,8,fixed_capacity_incremental,class_stage,0.9690721649484536,0.9894736842105263,1002,1,95
optdigits,0.9353233830845771,7,fixed_capacity_incremental,class_stage,0.9038461538461539,0.9690721649484536,1002,1,97
optdigits,0.9171270718232044,9,fixed_capacity_incremental,class_stage,0.9764705882352941,0.8645833333333334,1002,2,96
optdigits,0.9633507853403142,8,fixed_capacity_incremental,class_stage,0.9583333333333334,0.968421052631579,1002,2,95
optdigits,0.9552238805970149,7,fixed_capacity_incremental,class_stage,0.9230769230769231,0.9896907216494846,1002,2,97
optdigits,0.9842931937172775,6,fixed_capacity_incremental,class_stage,0.9690721649484536,1.0,1002,2,94
optdigits,0.88268156424581,9,fixed_capacity_incremental,class_stage,0.9518072289156626,0.8229166666666666,1002,3,96
optdigits,0.968421052631579,8,fixed_capacity_incremental,class_stage,0.968421052631579,0.968421052631579,1002,3,95
optdigits,0.9365853658536586,7,fixed_capacity_incremental,class_stage,0.8888888888888888,0.9896907216494846,1002,3,97
optdigits,0.9841269841269841,6,fixed_capacity_incremental,class_stage,0.9789473684210527,0.9893617021276596,1002,3,94
optdigits,0.9629629629629629,5,fixed_capacity_incremental,class_stage,0.9578947368421052,0.9680851063829787,1002,3,94
optdigits,0.8538011695906432,9,fixed_capacity_incremental,class_stage,0.9733333333333334,0.7604166666666666,1002,4,96
optdigits,0.9473684210526315,8,fixed_capacity_incremental,class_stage,0.9473684210526315,0.9473684210526315,1002,4,95
optdigits,0.9547738693467337,7,fixed_capacity_incremental,class_stage,0.9313725490196079,0.979381443298969,1002,4,97
optdigits,0.989247311827957,6,fixed_capacity_incremental,class_stage,1.0,0.9787234042553191,1002,4,94
optdigits,0.9637305699481865,5,fixed_capacity_incremental,class_stage,0.9393939393939394,0.9893617021276596,1002,4,94
optdigits,0.9178743961352657,4,fixed_capacity_incremental,class_stage,0.8636363636363636,0.979381443298969,1002,4,97
optdigits,0.8554913294797688,9,fixed_capacity_incremental,class_stage,0.961038961038961,0.7708333333333334,1002,5,96
optdigits,0.9513513513513514,8,fixed_capacity_incremental,class_stage,0.9777777777777777,0.9263157894736842,1002,5,95
optdigits,0.9435897435897436,7,fixed_capacity_incremental,class_stage,0.9387755102040817,0.9484536082474226,1002,5,97
optdigits,0.9946524064171123,6,fixed_capacity_incremental,class_stage,1.0,0.9893617021276596,1002,5,94
optdigits,0.9787234042553191,5,fixed_capacity_incremental,class_stage,0.9787234042553191,0.9787234042553191,1002,5,94
optdigits,0.9186602870813397,4,fixed_capacity_incremental,class_stage,0.8571428571428571,0.9896907216494846,1002,5,97
optdigits,0.9359605911330049,3,fixed_capacity_incremental,class_stage,0.8962264150943396,0.979381443298969,1002,5,97
optdigits,0.8735632183908046,9,fixed_capacity_incremental,class_stage,0.9743589743589743,0.7916666666666666,1002,6,96
optdigits,0.946236559139785,8,fixed_capacity_incremental,class_stage,0.967032967032967,0.9263157894736842,1002,6,95
optdigits,0.9574468085106383,7,fixed_capacity_incremental,class_stage,0.989010989010989,0.9278350515463918,1002,6,97
optdigits,0.9947089947089947,6,fixed_capacity_incremental,class_stage,0.9894736842105263,1.0,1002,6,94
optdigits,0.9680851063829787,5,fixed_capacity_incremental,class_stage,0.9680851063829787,0.9680851063829787,1002,6,94
optdigits,0.9326923076923077,4,fixed_capacity_incremental,class_stage,0.8738738738738738,1.0,1002,6,97
optdigits,0.9651741293532339,3,fixed_capacity_incremental,class_stage,0.9326923076923077,1.0,1002,6,97
optdigits,0.9591836734693877,2,fixed_capacity_incremental,class_stage,0.9306930693069307,0.9894736842105263,1002,6,95
optdigits,0.8214285714285714,9,fixed_capacity_incremental,class_stage,0.9583333333333334,0.71875,1002,7,96
optdigits,0.9139784946236559,8,fixed_capacity_incremental,class_stage,0.9340659340659341,0.8947368421052632,1002,7,95
optdigits,0.9680851063829787,7,fixed_capacity_incremental,class_stage,1.0,0.9381443298969072,1002,7,97
optdigits,0.9946524064171123,6,fixed_capacity_incremental,class_stage,1.0,0.9893617021276596,1002,7,94
optdigits,0.9578947368421052,5,fixed_capacity_incremental,class_stage,0.9479166666666666,0.9680851063829787,1002,7,94
optdigits,0.95,4,fixed_capacity_incremental,class_stage,0.9223300970873787,0.979381443298969,1002,7,97
optdigits,0.9693877551020408,3,fixed_capacity_incremental,class_stage,0.9595959595959596,0.979381443298969,1002,7,97
optdigits,0.9690721649484536,2,fixed_capacity_incremental,class_stage,0.9494949494949495,0.9894736842105263,1002,7,95
optdigits,0.8930232558139535,1,fixed_capacity_incremental,class_stage,0.8135593220338984,0.9896907216494846,1002,7,97
optdigits,0.8352941176470589,9,fixed_capacity_incremental,class_stage,0.9594594594594594,0.7395833333333334,1002,8,96
optdigits,0.9130434782608695,8,fixed_capacity_incremental,class_stage,0.9438202247191011,0.8842105263157894,1002,8,95
optdigits,0.9633507853403142,7,fixed_capacity_incremental,class_stage,0.9787234042553191,0.9484536082474226,1002,8,97
optdigits,0.989247311827957,6,fixed_capacity_incremental,class_stage,1.0,0.9787234042553191,1002,8,94
optdigits,0.9479166666666666,5,fixed_capacity_incremental,class_stage,0.9285714285714286,0.9680851063829787,1002,8,94
optdigits,0.96,4,fixed_capacity_incremental,class_stage,0.9320388349514563,0.9896907216494846,1002,8,97
optdigits,0.9743589743589743,3,fixed_capacity_incremental,class_stage,0.9693877551020408,0.979381443298969,1002,8,97
optdigits,0.9791666666666666,2,fixed_capacity_incremental,class_stage,0.9690721649484536,0.9894736842105263,1002,8,95
optdigits,0.909952606635071,1,fixed_capacity_incremental,class_stage,0.8421052631578947,0.9896907216494846,1002,8,97
optdigits,0.9842931937172775,0,fixed_capacity_incremental,class_stage,0.9690721649484536,1.0,1002,8,94
optdigits,0.8457142857142858,9,fixed_capacity_incremental,consolidation,0.9367088607594937,0.7708333333333334,1002,9,96
optdigits,0.8901098901098901,8,fixed_capacity_incremental,consolidation,0.9310344827586207,0.8526315789473684,1002,9,95
optdigits,0.9629629629629629,7,fixed_capacity_incremental,consolidation,0.9891304347826086,0.9381443298969072,1002,9,97
optdigits,0.9893617021276596,6,fixed_capacity_incremental,consolidation,0.9893617021276596,0.9893617021276596,1002,9,94
optdigits,0.9578947368421052,5,fixed_capacity_incremental,consolidation,0.9479166666666666,0.9680851063829787,1002,9,94
optdigits,0.964824120603015,4,fixed_capacity_incremental,consolidation,0.9411764705882353,0.9896907216494846,1002,9,97
optdigits,0.9743589743589743,3,fixed_capacity_incremental,consolidation,0.9693877551020408,0.979381443298969,1002,9,97
optdigits,0.9738219895287958,2,fixed_capacity_incremental,consolidation,0.96875,0.9789473684210527,1002,9,95
optdigits,0.9150943396226415,1,fixed_capacity_incremental,consolidation,0.8434782608695652,1.0,1002,9,97
optdigits,0.9842931937172775,0,fixed_capacity_incremental,consolidation,0.9690721649484536,1.0,1002,9,94
optdigits,0.956989247311828,9,adaptive_capacity_incremental,class_stage,0.9888888888888889,0.9270833333333334,1002,0,96
optdigits,0.9591836734693877,8,adaptive_capacity_incremental,class_stage,0.9306930693069307,0.9894736842105263,1002,0,95
optdigits,0.9289617486338798,9,adaptive_capacity_incremental,class_stage,0.9770114942528736,0.8854166666666666,1002,1,96
optdigits,0.9633507853403142,8,adaptive_capacity_incremental,class_stage,0.9583333333333334,0.968421052631579,1002,1,95
optdigits,0.9603960396039604,7,adaptive_capacity_incremental,class_stage,0.9238095238095239,1.0,1002,1,97
optdigits,0.9152542372881356,9,adaptive_capacity_incremental,class_stage,1.0,0.84375,1002,2,96
optdigits,0.9424083769633508,8,adaptive_capacity_incremental,class_stage,0.9375,0.9473684210526315,1002,2,95
optdigits,0.9463414634146341,7,adaptive_capacity_incremental,class_stage,0.8981481481481481,1.0,1002,2,97
optdigits,0.9633507853403142,6,adaptive_capacity_incremental,class_stage,0.9484536082474226,0.9787234042553191,1002,2,94
optdigits,0.8876404494382022,9,adaptive_capacity_incremental,class_stage,0.9634146341463414,0.8229166666666666,1002,3,96
optdigits,0.9629629629629629,8,adaptive_capacity_incremental,class_stage,0.9680851063829787,0.9578947368421052,1002,3,95
optdigits,0.9186602870813397,7,adaptive_capacity_incremental,class_stage,0.8571428571428571,0.9896907216494846,1002,3,97
optdigits,0.9841269841269841,6,adaptive_capacity_incremental,class_stage,0.9789473684210527,0.9893617021276596,1002,3,94
optdigits,0.9732620320855615,5,adaptive_capacity_incremental,class_stage,0.978494623655914,0.9680851063829787,1002,3,94
optdigits,0.8620689655172413,9,adaptive_capacity_incremental,class_stage,0.9615384615384616,0.78125,1002,4,96
optdigits,0.9411764705882353,8,adaptive_capacity_incremental,class_stage,0.9565217391304348,0.9263157894736842,1002,4,95
optdigits,0.926829268292683,7,adaptive_capacity_incremental,class_stage,0.8796296296296297,0.979381443298969,1002,4,97
optdigits,0.983957219251337,6,adaptive_capacity_incremental,class_stage,0.989247311827957,0.9787234042553191,1002,4,94
optdigits,0.96875,5,adaptive_capacity_incremental,class_stage,0.9489795918367347,0.9893617021276596,1002,4,94
optdigits,0.9253731343283582,4,adaptive_capacity_incremental,class_stage,0.8942307692307693,0.9587628865979382,1002,4,97
optdigits,0.8352941176470589,9,adaptive_capacity_incremental,class_stage,0.9594594594594594,0.7395833333333334,1002,5,96
optdigits,0.9468085106382979,8,adaptive_capacity_incremental,class_stage,0.956989247311828,0.9368421052631579,1002,5,95
optdigits,0.9306930693069307,7,adaptive_capacity_incremental,class_stage,0.8952380952380953,0.9690721649484536,1002,5,97
optdigits,0.9893617021276596,6,adaptive_capacity_incremental,class_stage,0.9893617021276596,0.9893617021276596,1002,5,94
optdigits,0.9789473684210527,5,adaptive_capacity_incremental,class_stage,0.96875,0.9893617021276596,1002,5,94
optdigits,0.92,4,adaptive_capacity_incremental,class_stage,0.8932038834951457,0.9484536082474226,1002,5,97
optdigits,0.9504950495049505,3,adaptive_capacity_incremental,class_stage,0.9142857142857143,0.9896907216494846,1002,5,97
optdigits,0.8304093567251462,9,adaptive_capacity_incremental,class_stage,0.9466666666666667,0.7395833333333334,1002,6,96
optdigits,0.945054945054945,8,adaptive_capacity_incremental,class_stage,0.9885057471264368,0.9052631578947369,1002,6,95
optdigits,0.9447236180904522,7,adaptive_capacity_incremental,class_stage,0.9215686274509803,0.9690721649484536,1002,6,97
optdigits,0.9841269841269841,6,adaptive_capacity_incremental,class_stage,0.9789473684210527,0.9893617021276596,1002,6,94
optdigits,0.96875,5,adaptive_capacity_incremental,class_stage,0.9489795918367347,0.9893617021276596,1002,6,94
optdigits,0.92,4,adaptive_capacity_incremental,class_stage,0.8932038834951457,0.9484536082474226,1002,6,97
optdigits,0.9365853658536586,3,adaptive_capacity_incremental,class_stage,0.8888888888888888,0.9896907216494846,1002,6,97
optdigits,0.9791666666666666,2,adaptive_capacity_incremental,class_stage,0.9690721649484536,0.9894736842105263,1002,6,95
optdigits,0.8048780487804879,9,adaptive_capacity_incremental,class_stage,0.9705882352941176,0.6875,1002,7,96
optdigits,0.8888888888888888,8,adaptive_capacity_incremental,class_stage,0.9411764705882353,0.8421052631578947,1002,7,95
optdigits,0.9538461538461539,7,adaptive_capacity_incremental,class_stage,0.9489795918367347,0.9587628865979382,1002,7,97
optdigits,0.9893617021276596,6,adaptive_capacity_incremental,class_stage,0.9893617021276596,0.9893617021276596,1002,7,94
optdigits,0.9735449735449735,5,adaptive_capacity_incremental,class_stage,0.968421052631579,0.9787234042553191,1002,7,94
optdigits,0.94,4,adaptive_capacity_incremental,class_stage,0.912621359223301,0.9690721649484536,1002,7,97
optdigits,0.9696969696969697,3,adaptive_capacity_incremental,class_stage,0.9504950495049505,0.9896907216494846,1002,7,97
optdigits,0.9381443298969072,2,adaptive_capacity_incremental,class_stage,0.9191919191919192,0.9578947368421052,1002,7,95
optdigits,0.8796296296296297,1,adaptive_capacity_incremental,class_stage,0.7983193277310925,0.979381443298969,1002,7,97
optdigits,0.8192771084337349,9,adaptive_capacity_incremental,class_stage,0.9714285714285714,0.7083333333333334,1002,8,96
optdigits,0.9021739130434783,8,adaptive_capacity_incremental,class_stage,0.9325842696629213,0.8736842105263158,1002,8,95
optdigits,0.96875,7,adaptive_capacity_incremental,class_stage,0.9789473684210527,0.9587628865979382,1002,8,97
optdigits,0.9782608695652174,6,adaptive_capacity_incremental,class_stage,1.0,0.9574468085106383,1002,8,94
optdigits,0.9738219895287958,5,adaptive_capacity_incremental,class_stage,0.9587628865979382,0.9893617021276596,1002,8,94
optdigits,0.94,4,adaptive_capacity_incremental,class_stage,0.912621359223301,0.9690721649484536,1002,8,97
optdigits,0.9795918367346939,3,adaptive_capacity_incremental,class_stage,0.9696969696969697,0.9896907216494846,1002,8,97
optdigits,0.9528795811518325,2,adaptive_capacity_incremental,class_stage,0.9479166666666666,0.9578947368421052,1002,8,95
optdigits,0.8807339449541285,1,adaptive_capacity_incremental,class_stage,0.7933884297520661,0.9896907216494846,1002,8,97
optdigits,0.9894736842105263,0,adaptive_capacity_incremental,class_stage,0.9791666666666666,1.0,1002,8,94
optdigits,0.8192771084337349,9,adaptive_capacity_incremental,consolidation,0.9714285714285714,0.7083333333333334,1002,9,96
optdigits,0.9021739130434783,8,adaptive_capacity_incremental,consolidation,0.9325842696629213,0.8736842105263158,1002,9,95
optdigits,0.96875,7,adaptive_capacity_incremental,consolidation,0.9789473684210527,0.9587628865979382,1002,9,97
optdigits,0.9782608695652174,6,adaptive_capacity_incremental,consolidation,1.0,0.9574468085106383,1002,9,94
optdigits,0.9738219895287958,5,adaptive_capacity_incremental,consolidation,0.9587628865979382,0.9893617021276596,1002,9,94
optdigits,0.94,4,adaptive_capacity_incremental,consolidation,0.912621359223301,0.9690721649484536,1002,9,97
optdigits,0.9795918367346939,3,adaptive_capacity_incremental,consolidation,0.9696969696969697,0.9896907216494846,1002,9,97
optdigits,0.9528795811518325,2,adaptive_capacity_incremental,consolidation,0.9479166666666666,0.9578947368421052,1002,9,95
optdigits,0.8807339449541285,1,adaptive_capacity_incremental,consolidation,0.7933884297520661,0.9896907216494846,1002,9,97
optdigits,0.9894736842105263,0,adaptive_capacity_incremental,consolidation,0.9791666666666666,1.0,1002,9,94
optdigits,0.9947089947089947,0,all_class_baseline,class_stage,0.9894736842105263,1.0,1003,0,94
optdigits,0.9047619047619048,1,all_class_baseline,class_stage,0.8407079646017699,0.979381443298969,1003,0,97
optdigits,0.9583333333333334,2,all_class_baseline,class_stage,0.9484536082474226,0.968421052631579,1003,0,95
optdigits,0.9746192893401016,3,all_class_baseline,class_stage,0.96,0.9896907216494846,1003,0,97
optdigits,0.96,4,all_class_baseline,class_stage,0.9320388349514563,0.9896907216494846,1003,0,97
optdigits,0.9732620320855615,5,all_class_baseline,class_stage,0.978494623655914,0.9680851063829787,1003,0,94
optdigits,0.9842931937172775,6,all_class_baseline,class_stage,0.9690721649484536,1.0,1003,0,94
optdigits,0.9538461538461539,7,all_class_baseline,class_stage,0.9489795918367347,0.9587628865979382,1003,0,97
optdigits,0.8977272727272727,8,all_class_baseline,class_stage,0.9753086419753086,0.8315789473684211,1003,0,95
optdigits,0.8685714285714285,9,all_class_baseline,class_stage,0.9620253164556962,0.7916666666666666,1003,0,96
optdigits,0.967741935483871,9,fixed_capacity_incremental,class_stage,1.0,0.9375,1003,0,96
optdigits,0.9693877551020408,8,fixed_capacity_incremental,class_stage,0.9405940594059405,1.0,1003,0,95
optdigits,0.9398907103825137,9,fixed_capacity_incremental,class_stage,0.9885057471264368,0.8958333333333334,1003,1,96
optdigits,0.9791666666666666,8,fixed_capacity_incremental,class_stage,0.9690721649484536,0.9894736842105263,1003,1,95
optdigits,0.9552238805970149,7,fixed_capacity_incremental,class_stage,0.9230769230769231,0.9896907216494846,1003,1,97
optdigits,0.9120879120879121,9,fixed_capacity_incremental,class_stage,0.9651162790697675,0.8645833333333334,1003,2,96
optdigits,0.9175257731958762,8,fixed_capacity_incremental,class_stage,0.898989898989899,0.9368421052631579,1003,2,95
optdigits,0.9543147208121827,7,fixed_capacity_incremental,class_stage,0.94,0.9690721649484536,1003,2,97
optdigits,0.9528795811518325,6,fixed_capacity_incremental,class_stage,0.9381443298969072,0.9680851063829787,1003,2,94
optdigits,0.907103825136612,9,fixed_capacity_incremental,class_stage,0.9540229885057471,0.8645833333333334,1003,3,96
optdigits,0.968421052631579,8,fixed_capacity_incremental,class_stage,0.968421052631579,0.968421052631579,1003,3,95
optdigits,0.9441624365482234,7,fixed_capacity_incremental,class_stage,0.93,0.9587628865979382,1003,3,97
optdigits,0.9787234042553191,6,fixed_capacity_incremental,class_stage,0.9787234042553191,0.9787234042553191,1003,3,94
optdigits,0.9587628865979382,5,fixed_capacity_incremental,class_stage,0.93,0.9893617021276596,1003,3,94
optdigits,0.8700564971751412,9,fixed_capacity_incremental,class_stage,0.9506172839506173,0.8020833333333334,1003,4,96
optdigits,0.946236559139785,8,fixed_capacity_incremental,class_stage,0.967032967032967,0.9263157894736842,1003,4,95
optdigits,0.9583333333333334,7,fixed_capacity_incremental,class_stage,0.968421052631579,0.9484536082474226,1003,4,97
optdigits,0.9732620320855615,6,fixed_capacity_incremental,class_stage,0.978494623655914,0.9680851063829787,1003,4,94
optdigits,0.9538461538461539,5,fixed_capacity_incremental,class_stage,0.9207920792079208,0.9893617021276596,1003,4,94
optdigits,0.9186602870813397,4,fixed_capacity_incremental,class_stage,0.8571428571428571,0.9896907216494846,1003,4,97
optdigits,0.8636363636363636,9,fixed_capacity_incremental,class_stage,0.95,0.7916666666666666,1003,5,96
optdigits,0.9405405405405406,8,fixed_capacity_incremental,class_stage,0.9666666666666667,0.9157894736842105,1003,5,95
optdigits,0.9430051813471503,7,fixed_capacity_incremental,class_stage,0.9479166666666666,0.9381443298969072,1003,5,97
optdigits,0.972972972972973,6,fixed_capacity_incremental,class_stage,0.989010989010989,0.9574468085106383,1003,5,94
optdigits,0.9637305699481865,5,fixed_capacity_incremental,class_stage,0.9393939393939394,0.9893617021276596,1003,5,94
optdigits,0.9134615384615384,4,fixed_capacity_incremental,class_stage,0.8558558558558559,0.979381443298969,1003,5,97
optdigits,0.95,3,fixed_capacity_incremental,class_stage,0.9223300970873787,0.979381443298969,1003,5,97
optdigits,0.8735632183908046,9,fixed_capacity_incremental,class_stage,0.9743589743589743,0.7916666666666666,1003,6,96
optdigits,0.9247311827956989,8,fixed_capacity_incremental,class_stage,0.945054945054945,0.9052631578947369,1003,6,95
optdigits,0.9680851063829787,7,fixed_capacity_incremental,class_stage,1.0,0.9381443298969072,1003,6,97
optdigits,0.967391304347826,6,fixed_capacity_incremental,class_stage,0.9888888888888889,0.9468085106382979,1003,6,94
optdigits,0.9633507853403142,5,fixed_capacity_incremental,class_stage,0.9484536082474226,0.9787234042553191,1003,6,94
optdigits,0.9142857142857143,4,fixed_capacity_incremental,class_stage,0.8495575221238938,0.9896907216494846,1003,6,97
optdigits,0.96,3,fixed_capacity_incremental,class_stage,0.9320388349514563,0.9896907216494846,1003,6,97
optdigits,0.9543147208121827,2,fixed_capacity_incremental,class_stage,0.9215686274509803,0.9894736842105263,1003,6,95
optdigits,0.8284023668639053,9,fixed_capacity_incremental,class_stage,0.958904109589041,0.7291666666666666,1003,7,96
optdigits,0.9130434782608695,8,fixed_capacity_incremental,class_stage,0.9438202247191011,0.8842105263157894,1003,7,95
optdigits,0.9625668449197861,7,fixed_capacity_incremental,class_stage,1.0,0.9278350515463918,1003,7,97
optdigits,0.989247311827957,6,fixed_capacity_incremental,class_stage,1.0,0.9787234042553191,1003,7,94
optdigits,0.9787234042553191,5,fixed_capacity_incremental,class_stage,0.9787234042553191,0.9787234042553191,1003,7,94
optdigits,0.9411764705882353,4,fixed_capacity_incremental,class_stage,0.897196261682243,0.9896907216494846,1003,7,97
optdigits,0.9696969696969697,3,fixed_capacity_incremental,class_stage,0.9504950495049505,0.9896907216494846,1003,7,97
optdigits,0.9484536082474226,2,fixed_capacity_incremental,class_stage,0.9292929292929293,0.968421052631579,1003,7,95
optdigits,0.897196261682243,1,fixed_capacity_incremental,class_stage,0.8205128205128205,0.9896907216494846,1003,7,97
optdigits,0.8242424242424242,9,fixed_capacity_incremental,class_stage,0.9855072463768116,0.7083333333333334,1003,8,96
optdigits,0.8926553672316384,8,fixed_capacity_incremental,class_stage,0.9634146341463414,0.8315789473684211,1003,8,95
optdigits,0.9740932642487047,7,fixed_capacity_incremental,class_stage,0.9791666666666666,0.9690721649484536,1003,8,97
optdigits,0.9837837837837838,6,fixed_capacity_incremental,class_stage,1.0,0.9680851063829787,1003,8,94
optdigits,0.9735449735449735,5,fixed_capacity_incremental,class_stage,0.968421052631579,0.9787234042553191,1003,8,94
optdigits,0.9320388349514563,4,fixed_capacity_incremental,class_stage,0.8807339449541285,0.9896907216494846,1003,8,97
optdigits,0.9746192893401016,3,fixed_capacity_incremental,class_stage,0.96,0.9896907216494846,1003,8,97
optdigits,0.9587628865979382,2,fixed_capacity_incremental,class_stage,0.9393939393939394,0.9789473684210527,1003,8,95
optdigits,0.8796296296296297,1,fixed_capacity_incremental,class_stage,0.7983193277310925,0.979381443298969,1003,8,97
optdigits,0.9894736842105263,0,fixed_capacity_incremental,class_stage,0.9791666666666666,1.0,1003,8,94
optdigits,0.8192771084337349,9,fixed_capacity_incremental,consolidation,0.9714285714285714,0.7083333333333334,1003,9,96
optdigits,0.9239130434782609,8,fixed_capacity_incremental,consolidation,0.9550561797752809,0.8947368421052632,1003,9,95
optdigits,0.9738219895287958,7,fixed_capacity_incremental,consolidation,0.9893617021276596,0.9587628865979382,1003,9,97
optdigits,0.989247311827957,6,fixed_capacity_incremental,consolidation,1.0,0.9787234042553191,1003,9,94
optdigits,0.9583333333333334,5,fixed_capacity_incremental,consolidation,0.9387755102040817,0.9787234042553191,1003,9,94
optdigits,0.9458128078817734,4,fixed_capacity_incremental,consolidation,0.9056603773584906,0.9896907216494846,1003,9,97
optdigits,0.9746192893401016,3,fixed_capacity_incremental,consolidation,0.96,0.9896907216494846,1003,9,97
optdigits,0.9538461538461539,2,fixed_capacity_incremental,consolidation,0.93,0.9789473684210527,1003,9,95
optdigits,0.9178743961352657,1,fixed_capacity_incremental,consolidation,0.8636363636363636,0.979381443298969,1003,9,97
optdigits,0.9842931937172775,0,fixed_capacity_incremental,consolidation,0.9690721649484536,1.0,1003,9,94
optdigits,0.956989247311828,9,adaptive_capacity_incremental,class_stage,0.9888888888888889,0.9270833333333334,1003,0,96
optdigits,0.9591836734693877,8,adaptive_capacity_incremental,class_stage,0.9306930693069307,0.9894736842105263,1003,0,95
optdigits,0.9333333333333333,9,adaptive_capacity_incremental,class_stage,1.0,0.875,1003,1,96
optdigits,0.9740932642487047,8,adaptive_capacity_incremental,class_stage,0.9591836734693877,0.9894736842105263,1003,1,95
optdigits,0.9556650246305419,7,adaptive_capacity_incremental,class_stage,0.9150943396226415,1.0,1003,1,97
optdigits,0.9152542372881356,9,adaptive_capacity_incremental,class_stage,1.0,0.84375,1003,2,96
optdigits,0.9368421052631579,8,adaptive_capacity_incremental,class_stage,0.9368421052631579,0.9368421052631579,1003,2,95
optdigits,0.9509803921568627,7,adaptive_capacity_incremental,class_stage,0.9065420560747663,1.0,1003,2,97
optdigits,0.9637305699481865,6,adaptive_capacity_incremental,class_stage,0.9393939393939394,0.9893617021276596,1003,2,94
optdigits,0.8938547486033519,9,adaptive_capacity_incremental,class_stage,0.963855421686747,0.8333333333333334,1003,3,96
optdigits,0.9629629629629629,8,adaptive_capacity_incremental,class_stage,0.9680851063829787,0.9578947368421052,1003,3,95
optdigits,0.927536231884058,7,adaptive_capacity_incremental,class_stage,0.8727272727272727,0.9896907216494846,1003,3,97
optdigits,0.9893617021276596,6,adaptive_capacity_incremental,class_stage,0.9893617021276596,0.9893617021276596,1003,3,94
optdigits,0.9735449735449735,5,adaptive_capacity_incremental,class_stage,0.968421052631579,0.9787234042553191,1003,3,94
optdigits,0.9171270718232044,9,adaptive_capacity_incremental,class_stage,0.9764705882352941,0.8645833333333334,1003,4,96
optdigits,0.9523809523809523,8,adaptive_capacity_incremental,class_stage,0.9574468085106383,0.9473684210526315,1003,4,95
optdigits,0.9644670050761421,7,adaptive_capacity_incremental,class_stage,0.95,0.979381443298969,1003,4,97
optdigits,0.9625668449197861,6,adaptive_capacity_incremental,class_stage,0.967741935483871,0.9574468085106383,1003,4,94
optdigits,0.9738219895287958,5,adaptive_capacity_incremental,class_stage,0.9587628865979382,0.9893617021276596,1003,4,94
optdigits,0.9353233830845771,4,adaptive_capacity_incremental,class_stage,0.9038461538461539,0.9690721649484536,1003,4,97
optdigits,0.8813559322033898,9,adaptive_capacity_incremental,class_stage,0.9629629629629629,0.8125,1003,5,96
optdigits,0.9513513513513514,8,adaptive_capacity_incremental,class_stage,0.9777777777777777,0.9263157894736842,1003,5,95
optdigits,0.9533678756476683,7,adaptive_capacity_incremental,class_stage,0.9583333333333334,0.9484536082474226,1003,5,97
optdigits,0.9893617021276596,6,adaptive_capacity_incremental,class_stage,0.9893617021276596,0.9893617021276596,1003,5,94
optdigits,0.9789473684210527,5,adaptive_capacity_incremental,class_stage,0.96875,0.9893617021276596,1003,5,94
optdigits,0.927536231884058,4,adaptive_capacity_incremental,class_stage,0.8727272727272727,0.9896907216494846,1003,5,97
optdigits,0.95,3,adaptive_capacity_incremental,class_stage,0.9223300970873787,0.979381443298969,1003,5,97
optdigits,0.8863636363636364,9,adaptive_capacity_incremental,class_stage,0.975,0.8125,1003,6,96
optdigits,0.9398907103825137,8,adaptive_capacity_incremental,class_stage,0.9772727272727273,0.9052631578947369,1003,6,95
optdigits,0.9583333333333334,7,adaptive_capacity_incremental,class_stage,0.968421052631579,0.9484536082474226,1003,6,97
optdigits,0.9732620320855615,6,adaptive_capacity_incremental,class_stage,0.978494623655914,0.9680851063829787,1003,6,94
optdigits,0.96875,5,adaptive_capacity_incremental,class_stage,0.9489795918367347,0.9893617021276596,1003,6,94
optdigits,0.9371980676328503,4,adaptive_capacity_incremental,class_stage,0.8818181818181818,1.0,1003,6,97
optdigits,0.9552238805970149,3,adaptive_capacity_incremental,class_stage,0.9230769230769231,0.9896907216494846,1003,6,97
optdigits,0.96875,2,adaptive_capacity_incremental,class_stage,0.9587628865979382,0.9789473684210527,1003,6,95
optdigits,0.8439306358381503,9,adaptive_capacity_incremental,class_stage,0.948051948051948,0.7604166666666666,1003,7,96
optdigits,0.8839779005524862,8,adaptive_capacity_incremental,class_stage,0.9302325581395349,0.8421052631578947,1003,7,95
optdigits,0.9587628865979382,7,adaptive_capacity_incremental,class_stage,0.9587628865979382,0.9587628865979382,1003,7,97
optdigits,0.9789473684210527,6,adaptive_capacity_incremental,class_stage,0.96875,0.9893617021276596,1003,7,94
optdigits,0.968421052631579,5,adaptive_capacity_incremental,class_stage,0.9583333333333334,0.9787234042553191,1003,7,94
optdigits,0.9353233830845771,4,adaptive_capacity_incremental,class_stage,0.9038461538461539,0.9690721649484536,1003,7,97
optdigits,0.9795918367346939,3,adaptive_capacity_incremental,class_stage,0.9696969696969697,0.9896907216494846,1003,7,97
optdigits,0.9578947368421052,2,adaptive_capacity_incremental,class_stage,0.9578947368421052,0.9578947368421052,1003,7,95
optdigits,0.8995215311004785,1,adaptive_capacity_incremental,class_stage,0.8392857142857143,0.9690721649484536,1003,7,97
optdigits,0.8421052631578947,9,adaptive_capacity_incremental,class_stage,0.96,0.75,1003,8,96
optdigits,0.907103825136612,8,adaptive_capacity_incremental,class_stage,0.9431818181818182,0.8736842105263158,1003,8,95
optdigits,0.96875,7,adaptive_capacity_incremental,class_stage,0.9789473684210527,0.9587628865979382,1003,8,97
optdigits,0.9782608695652174,6,adaptive_capacity_incremental,class_stage,1.0,0.9574468085106383,1003,8,94
optdigits,0.968421052631579,5,adaptive_capacity_incremental,class_stage,0.9583333333333334,0.9787234042553191,1003,8,94
optdigits,0.9306930693069307,4,adaptive_capacity_incremental,class_stage,0.8952380952380953,0.9690721649484536,1003,8,97
optdigits,0.9795918367346939,3,adaptive_capacity_incremental,class_stage,0.9696969696969697,0.9896907216494846,1003,8,97
optdigits,0.9578947368421052,2,adaptive_capacity_incremental,class_stage,0.9578947368421052,0.9578947368421052,1003,8,95
optdigits,0.8878504672897196,1,adaptive_capacity_incremental,class_stage,0.811965811965812,0.979381443298969,1003,8,97
optdigits,0.9894736842105263,0,adaptive_capacity_incremental,class_stage,0.9791666666666666,1.0,1003,8,94
optdigits,0.8554913294797688,9,adaptive_capacity_incremental,consolidation,0.961038961038961,0.7708333333333334,1003,9,96
optdigits,0.9060773480662984,8,adaptive_capacity_incremental,consolidation,0.9534883720930233,0.8631578947368421,1003,9,95
optdigits,0.9740932642487047,7,adaptive_capacity_incremental,consolidation,0.9791666666666666,0.9690721649484536,1003,9,97
optdigits,0.9732620320855615,6,adaptive_capacity_incremental,consolidation,0.978494623655914,0.9680851063829787,1003,9,94
optdigits,0.9633507853403142,5,adaptive_capacity_incremental,consolidation,0.9484536082474226,0.9787234042553191,1003,9,94
optdigits,0.9405940594059405,4,adaptive_capacity_incremental,consolidation,0.9047619047619048,0.979381443298969,1003,9,97
optdigits,0.9795918367346939,3,adaptive_capacity_incremental,consolidation,0.9696969696969697,0.9896907216494846,1003,9,97
optdigits,0.9625668449197861,2,adaptive_capacity_incremental,consolidation,0.9782608695652174,0.9473684210526315,1003,9,95
optdigits,0.8867924528301887,1,adaptive_capacity_incremental,consolidation,0.8173913043478261,0.9690721649484536,1003,9,97
optdigits,0.9894736842105263,0,adaptive_capacity_incremental,consolidation,0.9791666666666666,1.0,1003,9,94
optdigits,0.9947089947089947,0,all_class_baseline,class_stage,0.9894736842105263,1.0,1004,0,94
optdigits,0.892018779342723,1,all_class_baseline,class_stage,0.8189655172413793,0.979381443298969,1004,0,97
optdigits,0.9735449735449735,2,all_class_baseline,class_stage,0.9787234042553191,0.968421052631579,1004,0,95
optdigits,0.9696969696969697,3,all_class_baseline,class_stage,0.9504950495049505,0.9896907216494846,1004,0,97
optdigits,0.9547738693467337,4,all_class_baseline,class_stage,0.9313725490196079,0.979381443298969,1004,0,97
optdigits,0.9787234042553191,5,all_class_baseline,class_stage,0.9787234042553191,0.9787234042553191,1004,0,94
optdigits,0.9791666666666666,6,all_class_baseline,class_stage,0.9591836734693877,1.0,1004,0,94
optdigits,0.9587628865979382,7,all_class_baseline,class_stage,0.9587628865979382,0.9587628865979382,1004,0,97
optdigits,0.903954802259887,8,all_class_baseline,class_stage,0.975609756097561,0.8421052631578947,1004,0,95
optdigits,0.8323699421965318,9,all_class_baseline,class_stage,0.935064935064935,0.75,1004,0,96
optdigits,0.9735449735449735,9,fixed_capacity_incremental,class_stage,0.989247311827957,0.9583333333333334,1004,0,96
optdigits,0.9740932642487047,8,fixed_capacity_incremental,class_stage,0.9591836734693877,0.9894736842105263,1004,0,95
optdigits,0.9347826086956522,9,fixed_capacity_incremental,class_stage,0.9772727272727273,0.8958333333333334,1004,1,96
optdigits,0.9841269841269841,8,fixed_capacity_incremental,class_stage,0.9893617021276596,0.9789473684210527,1004,1,95
optdigits,0.9458128078817734,7,fixed_capacity_incremental,class_stage,0.9056603773584906,0.9896907216494846,1004,1,97
optdigits,0.9340659340659341,9,fixed_capacity_incremental,class_stage,0.9883720930232558,0.8854166666666666,1004,2,96
optdigits,0.9171270718232044,8,fixed_capacity_incremental,class_stage,0.9651162790697675,0.8736842105263158,1004,2,95
optdigits,0.9463414634146341,7,fixed_capacity_incremental,class_stage,0.8981481481481481,1.0,1004,2,97
optdigits,0.9489795918367347,6,fixed_capacity_incremental,class_stage,0.9117647058823529,0.9893617021276596,1004,2,94
optdigits,0.9197860962566845,9,fixed_capacity_incremental,class_stage,0.945054945054945,0.8958333333333334,1004,3,96
optdigits,0.9680851063829787,8,fixed_capacity_incremental,class_stage,0.978494623655914,0.9578947368421052,1004,3,95
optdigits,0.93,7,fixed_capacity_incremental,class_stage,0.9029126213592233,0.9587628865979382,1004,3,97
optdigits,0.9893617021276596,6,fixed_capacity_incremental,class_stage,0.9893617021276596,0.9893617021276596,1004,3,94
optdigits,0.9735449735449735,5,fixed_capacity_incremental,class_stage,0.968421052631579,0.9787234042553191,1004,3,94
optdigits,0.8938547486033519,9,fixed_capacity_incremental,class_stage,0.963855421686747,0.8333333333333334,1004,4,96
optdigits,0.9513513513513514,8,fixed_capacity_incremental,class_stage,0.9777777777777777,0.9263157894736842,1004,4,95
optdigits,0.9641025641025641,7,fixed_capacity_incremental,class_stage,0.9591836734693877,0.9690721649484536,1004,4,97
optdigits,0.967391304347826,6,fixed_capacity_incremental,class_stage,0.9888888888888889,0.9468085106382979,1004,4,94
optdigits,0.96875,5,fixed_capacity_incremental,class_stage,0.9489795918367347,0.9893617021276596,1004,4,94
optdigits,0.919431279620853,4,fixed_capacity_incremental,class_stage,0.8508771929824561,1.0,1004,4,97
optdigits,0.8764044943820225,9,fixed_capacity_incremental,class_stage,0.9512195121951219,0.8125,1004,5,96
optdigits,0.9222222222222223,8,fixed_capacity_incremental,class_stage,0.9764705882352941,0.8736842105263158,1004,5,95
optdigits,0.9583333333333334,7,fixed_capacity_incremental,class_stage,0.968421052631579,0.9484536082474226,1004,5,97
optdigits,0.9680851063829787,6,fixed_capacity_incremental,class_stage,0.9680851063829787,0.9680851063829787,1004,5,94
optdigits,0.9738219895287958,5,fixed_capacity_incremental,class_stage,0.9587628865979382,0.9893617021276596,1004,5,94
optdigits,0.9326923076923077,4,fixed_capacity_incremental,class_stage,0.8738738738738738,1.0,1004,5,97
optdigits,0.9359605911330049,3,fixed_capacity_incremental,class_stage,0.8962264150943396,0.979381443298969,1004,5,97
optdigits,0.9050279329608939,9,fixed_capacity_incremental,class_stage,0.9759036144578314,0.84375,1004,6,96
optdigits,0.9289617486338798,8,fixed_capacity_incremental,class_stage,0.9659090909090909,0.8947368421052632,1004,6,95
optdigits,0.9633507853403142,7,fixed_capacity_incremental,class_stage,0.9787234042553191,0.9484536082474226,1004,6,97
optdigits,0.9680851063829787,6,fixed_capacity_incremental,class_stage,0.9680851063829787,0.9680851063829787,1004,6,94
optdigits,0.9735449735449735,5,fixed_capacity_incremental,class_stage,0.968421052631579,0.9787234042553191,1004,6,94
optdigits,0.9463414634146341,4,fixed_capacity_incremental,class_stage,0.8981481481481481,1.0,1004,6,97
optdigits,0.9552238805970149,3,fixed_capacity_incremental,class_stage,0.9230769230769231,0.9896907216494846,1004,6,97
optdigits,0.9690721649484536,2,fixed_capacity_incremental,class_stage,0.9494949494949495,0.9894736842105263,1004,6,95
optdigits,0.8571428571428571,9,fixed_capacity_incremental,class_stage,0.9493670886075949,0.78125,1004,7,96
optdigits,0.9081081081081082,8,fixed_capacity_incremental,class_stage,0.9333333333333333,0.8842105263157894,1004,7,95
optdigits,0.9574468085106383,7,fixed_capacity_incremental,class_stage,0.989010989010989,0.9278350515463918,1004,7,97
optdigits,0.9837837837837838,6,fixed_capacity_incremental,class_stage,1.0,0.9680851063829787,1004,7,94
optdigits,0.9484536082474226,5,fixed_capacity_incremental,class_stage,0.92,0.9787234042553191,1004,7,94
optdigits,0.9641025641025641,4,fixed_capacity_incremental,class_stage,0.9591836734693877,0.9690721649484536,1004,7,97
optdigits,0.945273631840796,3,fixed_capacity_incremental,class_stage,0.9134615384615384,0.979381443298969,1004,7,97
optdigits,0.968421052631579,2,fixed_capacity_incremental,class_stage,0.968421052631579,0.968421052631579,1004,7,95
optdigits,0.9004739336492891,1,fixed_capacity_incremental,class_stage,0.8333333333333334,0.979381443298969,1004,7,97
optdigits,0.8654970760233918,9,fixed_capacity_incremental,class_stage,0.9866666666666667,0.7708333333333334,1004,8,96
optdigits,0.9120879120879121,8,fixed_capacity_incremental,class_stage,0.9540229885057471,0.8736842105263158,1004,8,95
optdigits,0.9738219895287958,7,fixed_capacity_incremental,class_stage,0.9893617021276596,0.9587628865979382,1004,8,97
optdigits,0.989247311827957,6,fixed_capacity_incremental,class_stage,1.0,0.9787234042553191,1004,8,94
optdigits,0.9387755102040817,5,fixed_capacity_incremental,class_stage,0.9019607843137255,0.9787234042553191,1004,8,94
optdigits,0.9693877551020408,4,fixed_capacity_incremental,class_stage,0.9595959595959596,0.979381443298969,1004,8,97
optdigits,0.9595959595959596,3,fixed_capacity_incremental,class_stage,0.9405940594059405,0.979381443298969,1004,8,97
optdigits,0.9633507853403142,2,fixed_capacity_incremental,class_stage,0.9583333333333334,0.968421052631579,1004,8,95
optdigits,0.9056603773584906,1,fixed_capacity_incremental,class_stage,0.8347826086956521,0.9896907216494846,1004,8,97
optdigits,0.9947089947089947,0,fixed_capacity_incremental,class_stage,0.9894736842105263,1.0,1004,8,94
optdigits,0.8636363636363636,9,fixed_capacity_incremental,consolidation,0.95,0.7916666666666666,1004,9,96
optdigits,0.9297297297297298,8,fixed_capacity_incremental,consolidation,0.9555555555555556,0.9052631578947369,1004,9,95
optdigits,0.9738219895287958,7,fixed_capacity_incremental,consolidation,0.9893617021276596,0.9587628865979382,1004,9,97
optdigits,0.989247311827957,6,fixed_capacity_incremental,consolidation,1.0,0.9787234042553191,1004,9,94
optdigits,0.968421052631579,5,fixed_capacity_incremental,consolidation,0.9583333333333334,0.9787234042553191,1004,9,94
optdigits,0.9693877551020408,4,fixed_capacity_incremental,consolidation,0.9595959595959596,0.979381443298969,1004,9,97
optdigits,0.9743589743589743,3,fixed_capacity_incremental,consolidation,0.9693877551020408,0.979381443298969,1004,9,97
optdigits,0.9789473684210527,2,fixed_capacity_incremental,consolidation,0.9789473684210527,0.9789473684210527,1004,9,95
optdigits,0.8962264150943396,1,fixed_capacity_incremental,consolidation,0.8260869565217391,0.979381443298969,1004,9,97
optdigits,0.9842931937172775,0,fixed_capacity_incremental,consolidation,0.9690721649484536,1.0,1004,9,94
optdigits,0.9625668449197861,9,adaptive_capacity_incremental,class_stage,0.989010989010989,0.9375,1004,0,96
optdigits,0.9641025641025641,8,adaptive_capacity_incremental,class_stage,0.94,0.9894736842105263,1004,0,95
optdigits,0.945054945054945,9,adaptive_capacity_incremental,class_stage,1.0,0.8958333333333334,1004,1,96
optdigits,0.9791666666666666,8,adaptive_capacity_incremental,class_stage,0.9690721649484536,0.9894736842105263,1004,1,95
optdigits,0.9603960396039604,7,adaptive_capacity_incremental,class_stage,0.9238095238095239,1.0,1004,1,97
optdigits,0.9213483146067416,9,adaptive_capacity_incremental,class_stage,1.0,0.8541666666666666,1004,2,96
optdigits,0.93048128342246,8,adaptive_capacity_incremental,class_stage,0.9456521739130435,0.9157894736842105,1004,2,95
optdigits,0.9509803921568627,7,adaptive_capacity_incremental,class_stage,0.9065420560747663,1.0,1004,2,97
optdigits,0.9538461538461539,6,adaptive_capacity_incremental,class_stage,0.9207920792079208,0.9893617021276596,1004,2,94
optdigits,0.8938547486033519,9,adaptive_capacity_incremental,class_stage,0.963855421686747,0.8333333333333334,1004,3,96
optdigits,0.9523809523809523,8,adaptive_capacity_incremental,class_stage,0.9574468085106383,0.9473684210526315,1004,3,95
optdigits,0.9320388349514563,7,adaptive_capacity_incremental,class_stage,0.8807339449541285,0.9896907216494846,1004,3,97
optdigits,0.9789473684210527,6,adaptive_capacity_incremental,class_stage,0.96875,0.9893617021276596,1004,3,94
optdigits,0.9680851063829787,5,adaptive_capacity_incremental,class_stage,0.9680851063829787,0.9680851063829787,1004,3,94
optdigits,0.8888888888888888,9,adaptive_capacity_incremental,class_stage,0.9523809523809523,0.8333333333333334,1004,4,96
optdigits,0.946236559139785,8,adaptive_capacity_incremental,class_stage,0.967032967032967,0.9263157894736842,1004,4,95
optdigits,0.93,7,adaptive_capacity_incremental,class_stage,0.9029126213592233,0.9587628865979382,1004,4,97
optdigits,0.9456521739130435,6,adaptive_capacity_incremental,class_stage,0.9666666666666667,0.925531914893617,1004,4,94
optdigits,0.9583333333333334,5,adaptive_capacity_incremental,class_stage,0.9387755102040817,0.9787234042553191,1004,4,94
optdigits,0.8921568627450981,4,adaptive_capacity_incremental,class_stage,0.8504672897196262,0.9381443298969072,1004,4,97
optdigits,0.8813559322033898,9,adaptive_capacity_incremental,class_stage,0.9629629629629629,0.8125,1004,5,96
optdigits,0.9361702127659575,8,adaptive_capacity_incremental,class_stage,0.946236559139785,0.9263157894736842,1004,5,95
optdigits,0.9595959595959596,7,adaptive_capacity_incremental,class_stage,0.9405940594059405,0.979381443298969,1004,5,97
optdigits,0.983957219251337,6,adaptive_capacity_incremental,class_stage,0.989247311827957,0.9787234042553191,1004,5,94
optdigits,0.9841269841269841,5,adaptive_capacity_incremental,class_stage,0.9789473684210527,0.9893617021276596,1004,5,94
optdigits,0.9253731343283582,4,adaptive_capacity_incremental,class_stage,0.8942307692307693,0.9587628865979382,1004,5,97
optdigits,0.96,3,adaptive_capacity_incremental,class_stage,0.9320388349514563,0.9896907216494846,1004,5,97
optdigits,0.8938547486033519,9,adaptive_capacity_incremental,class_stage,0.963855421686747,0.8333333333333334,1004,6,96
optdigits,0.9354838709677419,8,adaptive_capacity_incremental,class_stage,0.9560439560439561,0.9157894736842105,1004,6,95
optdigits,0.9587628865979382,7,adaptive_capacity_incremental,class_stage,0.9587628865979382,0.9587628865979382,1004,6,97
optdigits,0.967391304347826,6,adaptive_capacity_incremental,class_stage,0.9888888888888889,0.9468085106382979,1004,6,94
optdigits,0.9629629629629629,5,adaptive_capacity_incremental,class_stage,0.9578947368421052,0.9680851063829787,1004,6,94
optdigits,0.9117647058823529,4,adaptive_capacity_incremental,class_stage,0.8691588785046729,0.9587628865979382,1004,6,97
optdigits,0.964824120603015,3,adaptive_capacity_incremental,class_stage,0.9411764705882353,0.9896907216494846,1004,6,97
optdigits,0.9641025641025641,2,adaptive_capacity_incremental,class_stage,0.94,0.9894736842105263,1004,6,95
optdigits,0.8505747126436781,9,adaptive_capacity_incremental,class_stage,0.9487179487179487,0.7708333333333334,1004,7,96
optdigits,0.8950276243093923,8,adaptive_capacity_incremental,class_stage,0.9418604651162791,0.8526315789473684,1004,7,95
optdigits,0.9484536082474226,7,adaptive_capacity_incremental,class_stage,0.9484536082474226,0.9484536082474226,1004,7,97
optdigits,0.983957219251337,6,adaptive_capacity_incremental,class_stage,0.989247311827957,0.9787234042553191,1004,7,94
optdigits,0.9633507853403142,5,adaptive_capacity_incremental,class_stage,0.9484536082474226,0.9787234042553191,1004,7,94
optdigits,0.9306930693069307,4,adaptive_capacity_incremental,class_stage,0.8952380952380953,0.9690721649484536,1004,7,97
optdigits,0.9693877551020408,3,adaptive_capacity_incremental,class_stage,0.9595959595959596,0.979381443298969,1004,7,97
optdigits,0.9578947368421052,2,adaptive_capacity_incremental,class_stage,0.9578947368421052,0.9578947368421052,1004,7,95
optdigits,0.8899521531100478,1,adaptive_capacity_incremental,class_stage,0.8303571428571429,0.9587628865979382,1004,7,97
optdigits,0.8143712574850299,9,adaptive_capacity_incremental,class_stage,0.9577464788732394,0.7083333333333334,1004,8,96
optdigits,0.9060773480662984,8,adaptive_capacity_incremental,class_stage,0.9534883720930233,0.8631578947368421,1004,8,95
optdigits,0.9484536082474226,7,adaptive_capacity_incremental,class_stage,0.9484536082474226,0.9484536082474226,1004,8,97
optdigits,0.967741935483871,6,adaptive_capacity_incremental,class_stage,0.9782608695652174,0.9574468085106383,1004,8,94
optdigits,0.968421052631579,5,adaptive_capacity_incremental,class_stage,0.9583333333333334,0.9787234042553191,1004,8,94
optdigits,0.9405940594059405,4,adaptive_capacity_incremental,class_stage,0.9047619047619048,0.979381443298969,1004,8,97
optdigits,0.9746192893401016,3,adaptive_capacity_incremental,class_stage,0.96,0.9896907216494846,1004,8,97
optdigits,0.9578947368421052,2,adaptive_capacity_incremental,class_stage,0.9578947368421052,0.9578947368421052,1004,8,95
optdigits,0.8837209302325582,1,adaptive_capacity_incremental,class_stage,0.8050847457627118,0.979381443298969,1004,8,97
optdigits,0.9894736842105263,0,adaptive_capacity_incremental,class_stage,0.9791666666666666,1.0,1004,8,94
optdigits,0.8117647058823529,9,adaptive_capacity_incremental,consolidation,0.9324324324324325,0.71875,1004,9,96
optdigits,0.9120879120879121,8,adaptive_capacity_incremental,consolidation,0.9540229885057471,0.8736842105263158,1004,9,95
optdigits,0.9533678756476683,7,adaptive_capacity_incremental,consolidation,0.9583333333333334,0.9484536082474226,1004,9,97
optdigits,0.9787234042553191,6,adaptive_capacity_incremental,consolidation,0.9787234042553191,0.9787234042553191,1004,9,94
optdigits,0.9735449735449735,5,adaptive_capacity_incremental,consolidation,0.968421052631579,0.9787234042553191,1004,9,94
optdigits,0.9547738693467337,4,adaptive_capacity_incremental,consolidation,0.9313725490196079,0.979381443298969,1004,9,97
optdigits,0.9795918367346939,3,adaptive_capacity_incremental,consolidation,0.9696969696969697,0.9896907216494846,1004,9,97
optdigits,0.9633507853403142,2,adaptive_capacity_incremental,consolidation,0.9583333333333334,0.968421052631579,1004,9,95
optdigits,0.8878504672897196,1,adaptive_capacity_incremental,consolidation,0.811965811965812,0.979381443298969,1004,9,97
optdigits,0.9894736842105263,0,adaptive_capacity_incremental,consolidation,0.9791666666666666,1.0,1004,9,94
optdigits,0.9947089947089947,0,all_class_baseline,class_stage,0.9894736842105263,1.0,1005,0,94
optdigits,0.9004739336492891,1,all_class_baseline,class_stage,0.8333333333333334,0.979381443298969,1005,0,97
optdigits,0.968421052631579,2,all_class_baseline,class_stage,0.968421052631579,0.968421052631579,1005,0,95
optdigits,0.9693877551020408,3,all_class_baseline,class_stage,0.9595959595959596,0.979381443298969,1005,0,97
optdigits,0.96,4,all_class_baseline,class_stage,0.9320388349514563,0.9896907216494846,1005,0,97
optdigits,0.9787234042553191,5,all_class_baseline,class_stage,0.9787234042553191,0.9787234042553191,1005,0,94
optdigits,0.9789473684210527,6,all_class_baseline,class_stage,0.96875,0.9893617021276596,1005,0,94
optdigits,0.9587628865979382,7,all_class_baseline,class_stage,0.9587628865979382,0.9587628865979382,1005,0,97
optdigits,0.9101123595505618,8,all_class_baseline,class_stage,0.9759036144578314,0.8526315789473684,1005,0,95
optdigits,0.8522727272727273,9,all_class_baseline,class_stage,0.9375,0.78125,1005,0,96
optdigits,0.9732620320855615,9,fixed_capacity_incremental,class_stage,1.0,0.9479166666666666,1005,0,96
optdigits,0.9743589743589743,8,fixed_capacity_incremental,class_stage,0.95,1.0,1005,0,95
optdigits,0.9281767955801105,9,fixed_capacity_incremental,class_stage,0.9882352941176471,0.875,1005,1,96
optdigits,0.9791666666666666,8,fixed_capacity_incremental,class_stage,0.9690721649484536,0.9894736842105263,1005,1,95
optdigits,0.9556650246305419,7,fixed_capacity_incremental,class_stage,0.9150943396226415,1.0,1005,1,97
optdigits,0.9152542372881356,9,fixed_capacity_incremental,class_stage,1.0,0.84375,1005,2,96
optdigits,0.9230769230769231,8,fixed_capacity_incremental,class_stage,0.9,0.9473684210526315,1005,2,95
optdigits,0.9504950495049505,7,fixed_capacity_incremental,class_stage,0.9142857142857143,0.9896907216494846,1005,2,97
optdigits,0.9578947368421052,6,fixed_capacity_incremental,class_stage,0.9479166666666666,0.9680851063829787,1005,2,94
optdigits,0.8888888888888888,9,fixed_capacity_incremental,class_stage,0.9523809523809523,0.8333333333333334,1005,3,96
optdigits,0.968421052631579,8,fixed_capacity_incremental,class_stage,0.968421052631579,0.968421052631579,1005,3,95
optdigits,0.9346733668341709,7,fixed_capacity_incremental,class_stage,0.9117647058823529,0.9587628865979382,1005,3,97
optdigits,0.9789473684210527,6,fixed_capacity_incremental,class_stage,0.96875,0.9893617021276596,1005,3,94
optdigits,0.9430051813471503,5,fixed_capacity_incremental,class_stage,0.9191919191919192,0.9680851063829787,1005,3,94
optdigits,0.8813559322033898,9,fixed_capacity_incremental,class_stage,0.9629629629629629,0.8125,1005,4,96
optdigits,0.9411764705882353,8,fixed_capacity_incremental,class_stage,0.9565217391304348,0.9263157894736842,1005,4,95
optdigits,0.9637305699481865,7,fixed_capacity_incremental,class_stage,0.96875,0.9587628865979382,1005,4,97
optdigits,1.0,6,fixed_capacity_incremental,class_stage,1.0,1.0,1005,4,94
optdigits,0.9637305699481865,5,fixed_capacity_incremental,class_stage,0.9393939393939394,0.9893617021276596,1005,4,94
optdigits,0.9230769230769231,4,fixed_capacity_incremental,class_stage,0.8648648648648649,0.9896907216494846,1005,4,97
optdigits,0.8457142857142858,9,fixed_capacity_incremental,class_stage,0.9367088607594937,0.7708333333333334,1005,5,96
optdigits,0.946236559139785,8,fixed_capacity_incremental,class_stage,0.967032967032967,0.9263157894736842,1005,5,95
optdigits,0.9738219895287958,7,fixed_capacity_incremental,class_stage,0.9893617021276596,0.9587628865979382,1005,5,97
optdigits,0.9947089947089947,6,fixed_capacity_incremental,class_stage,0.9894736842105263,1.0,1005,5,94
optdigits,0.9789473684210527,5,fixed_capacity_incremental,class_stage,0.96875,0.9893617021276596,1005,5,94
optdigits,0.9215686274509803,4,fixed_capacity_incremental,class_stage,0.8785046728971962,0.9690721649484536,1005,5,97
optdigits,0.9463414634146341,3,fixed_capacity_incremental,class_stage,0.8981481481481481,1.0,1005,5,97
optdigits,0.8505747126436781,9,fixed_capacity_incremental,class_stage,0.9487179487179487,0.7708333333333334,1005,6,96
optdigits,0.9508196721311475,8,fixed_capacity_incremental,class_stage,0.9886363636363636,0.9157894736842105,1005,6,95
optdigits,0.9518716577540107,7,fixed_capacity_incremental,class_stage,0.9888888888888889,0.9175257731958762,1005,6,97
optdigits,0.9893617021276596,6,fixed_capacity_incremental,class_stage,0.9893617021276596,0.9893617021276596,1005,6,94
optdigits,0.9633507853403142,5,fixed_capacity_incremental,class_stage,0.9484536082474226,0.9787234042553191,1005,6,94
optdigits,0.9326923076923077,4,fixed_capacity_incremental,class_stage,0.8738738738738738,1.0,1005,6,97
optdigits,0.9509803921568627,3,fixed_capacity_incremental,class_stage,0.9065420560747663,1.0,1005,6,97
optdigits,0.9641025641025641,2,fixed_capacity_incremental,class_stage,0.94,0.9894736842105263,1005,6,95
optdigits,0.8192771084337349,9,fixed_capacity_incremental,class_stage,0.9714285714285714,0.7083333333333334,1005,7,96
optdigits,0.9139784946236559,8,fixed_capacity_incremental,class_stage,0.9340659340659341,0.8947368421052632,1005,7,95
optdigits,0.9633507853403142,7,fixed_capacity_incremental,class_stage,0.9787234042553191,0.9484536082474226,1005,7,97
optdigits,0.9946524064171123,6,fixed_capacity_incremental,class_stage,1.0,0.9893617021276596,1005,7,94
optdigits,0.9680851063829787,5,fixed_capacity_incremental,class_stage,0.9680851063829787,0.9680851063829787,1005,7,94
optdigits,0.9411764705882353,4,fixed_capacity_incremental,class_stage,0.897196261682243,0.9896907216494846,1005,7,97
optdigits,0.9743589743589743,3,fixed_capacity_incremental,class_stage,0.9693877551020408,0.979381443298969,1005,7,97
optdigits,0.9435897435897436,2,fixed_capacity_incremental,class_stage,0.92,0.968421052631579,1005,7,95
optdigits,0.9150943396226415,1,fixed_capacity_incremental,class_stage,0.8434782608695652,1.0,1005,7,97
optdigits,0.8214285714285714,9,fixed_capacity_incremental,class_stage,0.9583333333333334,0.71875,1005,8,96
optdigits,0.9230769230769231,8,fixed_capacity_incremental,class_stage,0.9655172413793104,0.8842105263157894,1005,8,95
optdigits,0.9479166666666666,7,fixed_capacity_incremental,class_stage,0.9578947368421052,0.9381443298969072,1005,8,97
optdigits,0.9837837837837838,6,fixed_capacity_incremental,class_stage,1.0,0.9680851063829787,1005,8,94
optdigits,0.9735449735449735,5,fixed_capacity_incremental,class_stage,0.968421052631579,0.9787234042553191,1005,8,94
optdigits,0.9458128078817734,4,fixed_capacity_incremental,class_stage,0.9056603773584906,0.9896907216494846,1005,8,97
optdigits,0.9746192893401016,3,fixed_capacity_incremental,class_stage,0.96,0.9896907216494846,1005,8,97
optdigits,0.9633507853403142,2,fixed_capacity_incremental,class_stage,0.9583333333333334,0.968421052631579,1005,8,95
optdigits,0.8930232558139535,1,fixed_capacity_incremental,class_stage,0.8135593220338984,0.9896907216494846,1005,8,97
optdigits,0.9894736842105263,0,fixed_capacity_incremental,class_stage,0.9791666666666666,1.0,1005,8,94
optdigits,0.8235294117647058,9,fixed_capacity_incremental,consolidation,0.9459459459459459,0.7291666666666666,1005,9,96
optdigits,0.9111111111111111,8,fixed_capacity_incremental,consolidation,0.9647058823529412,0.8631578947368421,1005,9,95
optdigits,0.9528795811518325,7,fixed_capacity_incremental,consolidation,0.9680851063829787,0.9381443298969072,1005,9,97
optdigits,0.989247311827957,6,fixed_capacity_incremental,consolidation,1.0,0.9787234042553191,1005,9,94
optdigits,0.968421052631579,5,fixed_capacity_incremental,consolidation,0.9583333333333334,0.9787234042553191,1005,9,94
optdigits,0.9552238805970149,4,fixed_capacity_incremental,consolidation,0.9230769230769231,0.9896907216494846,1005,9,97
optdigits,0.9746192893401016,3,fixed_capacity_incremental,consolidation,0.96,0.9896907216494846,1005,9,97
optdigits,0.9791666666666666,2,fixed_capacity_incremental,consolidation,0.9690721649484536,0.9894736842105263,1005,9,95
optdigits,0.9023255813953488,1,fixed_capacity_incremental,consolidation,0.8220338983050848,1.0,1005,9,97
optdigits,0.9894736842105263,0,fixed_capacity_incremental,consolidation,0.9791666666666666,1.0,1005,9,94
optdigits,0.9621621621621622,9,adaptive_capacity_incremental,class_stage,1.0,0.9270833333333334,1005,0,96
optdigits,0.9644670050761421,8,adaptive_capacity_incremental,class_stage,0.9313725490196079,1.0,1005,0,95
optdigits,0.9398907103825137,9,adaptive_capacity_incremental,class_stage,0.9885057471264368,0.8958333333333334,1005,1,96
optdigits,0.968421052631579,8,adaptive_capacity_incremental,class_stage,0.968421052631579,0.968421052631579,1005,1,95
optdigits,0.9556650246305419,7,adaptive_capacity_incremental,class_stage,0.9150943396226415,1.0,1005,1,97
optdigits,0.9152542372881356,9,adaptive_capacity_incremental,class_stage,1.0,0.84375,1005,2,96
optdigits,0.9368421052631579,8,adaptive_capacity_incremental,class_stage,0.9368421052631579,0.9368421052631579,1005,2,95
optdigits,0.9326923076923077,7,adaptive_capacity_incremental,class_stage,0.8738738738738738,1.0,1005,2,97
optdigits,0.9629629629629629,6,adaptive_capacity_incremental,class_stage,0.9578947368421052,0.9680851063829787,1005,2,94
optdigits,0.9111111111111111,9,adaptive_capacity_incremental,class_stage,0.9761904761904762,0.8541666666666666,1005,3,96
optdigits,0.9732620320855615,8,adaptive_capacity_incremental,class_stage,0.9891304347826086,0.9578947368421052,1005,3,95
optdigits,0.9320388349514563,7,adaptive_capacity_incremental,class_stage,0.8807339449541285,0.9896907216494846,1005,3,97
optdigits,0.9789473684210527,6,adaptive_capacity_incremental,class_stage,0.96875,0.9893617021276596,1005,3,94
optdigits,0.9629629629629629,5,adaptive_capacity_incremental,class_stage,0.9578947368421052,0.9680851063829787,1005,3,94
optdigits,0.9,9,adaptive_capacity_incremental,class_stage,0.9642857142857143,0.84375,1005,4,96
optdigits,0.9574468085106383,8,adaptive_capacity_incremental,class_stage,0.967741935483871,0.9473684210526315,1005,4,95
optdigits,0.9543147208121827,7,adaptive_capacity_incremental,class_stage,0.94,0.9690721649484536,1005,4,97
optdigits,0.983957219251337,6,adaptive_capacity_incremental,class_stage,0.989247311827957,0.9787234042553191,1005,4,94
optdigits,0.9789473684210527,5,adaptive_capacity_incremental,class_stage,0.96875,0.9893617021276596,1005,4,94
optdigits,0.9313725490196079,4,adaptive_capacity_incremental,class_stage,0.8878504672897196,0.979381443298969,1005,4,97
optdigits,0.8666666666666667,9,adaptive_capacity_incremental,class_stage,0.9285714285714286,0.8125,1005,5,96
optdigits,0.9518716577540107,8,adaptive_capacity_incremental,class_stage,0.967391304347826,0.9368421052631579,1005,5,95
optdigits,0.9583333333333334,7,adaptive_capacity_incremental,class_stage,0.968421052631579,0.9484536082474226,1005,5,97
optdigits,0.9893617021276596,6,adaptive_capacity_incremental,class_stage,0.9893617021276596,0.9893617021276596,1005,5,94
optdigits,0.9893617021276596,5,adaptive_capacity_incremental,class_stage,0.9893617021276596,0.9893617021276596,1005,5,94
optdigits,0.9117647058823529,4,adaptive_capacity_incremental,class_stage,0.8691588785046729,0.9587628865979382,1005,5,97
optdigits,0.945273631840796,3,adaptive_capacity_incremental,class_stage,0.9134615384615384,0.979381443298969,1005,5,97
optdigits,0.8926553672316384,9,adaptive_capacity_incremental,class_stage,0.9753086419753086,0.8229166666666666,1005,6,96
optdigits,0.9398907103825137,8,adaptive_capacity_incremental,class_stage,0.9772727272727273,0.9052631578947369,1005,6,95
optdigits,0.9587628865979382,7,adaptive_capacity_incremental,class_stage,0.9587628865979382,0.9587628865979382,1005,6,97
optdigits,0.9841269841269841,6,adaptive_capacity_incremental,class_stage,0.9789473684210527,0.9893617021276596,1005,6,94
optdigits,0.9789473684210527,5,adaptive_capacity_incremental,class_stage,0.96875,0.9893617021276596,1005,6,94
optdigits,0.927536231884058,4,adaptive_capacity_incremental,class_stage,0.8727272727272727,0.9896907216494846,1005,6,97
optdigits,0.96,3,adaptive_capacity_incremental,class_stage,0.9320388349514563,0.9896907216494846,1005,6,97
optdigits,0.9789473684210527,2,adaptive_capacity_incremental,class_stage,0.9789473684210527,0.9789473684210527,1005,6,95
optdigits,0.8505747126436781,9,adaptive_capacity_incremental,class_stage,0.9487179487179487,0.7708333333333334,1005,7,96
optdigits,0.8901098901098901,8,adaptive_capacity_incremental,class_stage,0.9310344827586207,0.8526315789473684,1005,7,95
optdigits,0.9533678756476683,7,adaptive_capacity_incremental,class_stage,0.9583333333333334,0.9484536082474226,1005,7,97
optdigits,0.9787234042553191,6,adaptive_capacity_incremental,class_stage,0.9787234042553191,0.9787234042553191,1005,7,94
optdigits,0.968421052631579,5,adaptive_capacity_incremental,class_stage,0.9583333333333334,0.9787234042553191,1005,7,94
optdigits,0.9306930693069307,4,adaptive_capacity_incremental,class_stage,0.8952380952380953,0.9690721649484536,1005,7,97
optdigits,0.9743589743589743,3,adaptive_capacity_incremental,class_stage,0.9693877551020408,0.979381443298969,1005,7,97
optdigits,0.9629629629629629,2,adaptive_capacity_incremental,class_stage,0.9680851063829787,0.9578947368421052,1005,7,95
optdigits,0.9004739336492891,1,adaptive_capacity_incremental,class_stage,0.8333333333333334,0.979381443298969,1005,7,97
optdigits,0.8439306358381503,9,adaptive_capacity_incremental,class_stage,0.948051948051948,0.7604166666666666,1005,8,96
optdigits,0.9010989010989011,8,adaptive_capacity_incremental,class_stage,0.9425287356321839,0.8631578947368421,1005,8,95
optdigits,0.96875,7,adaptive_capacity_incremental,class_stage,0.9789473684210527,0.9587628865979382,1005,8,97
optdigits,0.978494623655914,6,adaptive_capacity_incremental,class_stage,0.9891304347826086,0.9680851063829787,1005,8,94
optdigits,0.9633507853403142,5,adaptive_capacity_incremental,class_stage,0.9484536082474226,0.9787234042553191,1005,8,94
optdigits,0.9405940594059405,4,adaptive_capacity_incremental,class_stage,0.9047619047619048,0.979381443298969,1005,8,97
optdigits,0.979381443298969,3,adaptive_capacity_incremental,class_stage,0.979381443298969,0.979381443298969,1005,8,97
optdigits,0.9629629629629629,2,adaptive_capacity_incremental,class_stage,0.9680851063829787,0.9578947368421052,1005,8,95
optdigits,0.8826291079812206,1,adaptive_capacity_incremental,class_stage,0.8103448275862069,0.9690721649484536,1005,8,97
optdigits,0.9894736842105263,0,adaptive_capacity_incremental,class_stage,0.9791666666666666,1.0,1005,8,94
optdigits,0.8439306358381503,9,adaptive_capacity_incremental,consolidation,0.948051948051948,0.7604166666666666,1005,9,96
optdigits,0.907103825136612,8,adaptive_capacity_incremental,consolidation,0.9431818181818182,0.8736842105263158,1005,9,95
optdigits,0.9637305699481865,7,adaptive_capacity_incremental,consolidation,0.96875,0.9587628865979382,1005,9,97
optdigits,0.9732620320855615,6,adaptive_capacity_incremental,consolidation,0.978494623655914,0.9680851063829787,1005,9,94
optdigits,0.968421052631579,5,adaptive_capacity_incremental,consolidation,0.9583333333333334,0.9787234042553191,1005,9,94
optdigits,0.9405940594059405,4,adaptive_capacity_incremental,consolidation,0.9047619047619048,0.979381443298969,1005,9,97
optdigits,0.979381443298969,3,adaptive_capacity_incremental,consolidation,0.979381443298969,0.979381443298969,1005,9,97
optdigits,0.9735449735449735,2,adaptive_capacity_incremental,consolidation,0.9787234042553191,0.968421052631579,1005,9,95
optdigits,0.8909952606635071,1,adaptive_capacity_incremental,consolidation,0.8245614035087719,0.9690721649484536,1005,9,97
optdigits,0.9894736842105263,0,adaptive_capacity_incremental,consolidation,0.9791666666666666,1.0,1005,9,94
optdigits,0.9894736842105263,0,all_class_baseline,class_stage,0.9791666666666666,1.0,1006,0,94
optdigits,0.8995215311004785,1,all_class_baseline,class_stage,0.8392857142857143,0.9690721649484536,1006,0,97
optdigits,0.9633507853403142,2,all_class_baseline,class_stage,0.9583333333333334,0.968421052631579,1006,0,95
optdigits,0.9746192893401016,3,all_class_baseline,class_stage,0.96,0.9896907216494846,1006,0,97
optdigits,0.9504950495049505,4,all_class_baseline,class_stage,0.9142857142857143,0.9896907216494846,1006,0,97
optdigits,0.9787234042553191,5,all_class_baseline,class_stage,0.9787234042553191,0.9787234042553191,1006,0,94
optdigits,1.0,6,all_class_baseline,class_stage,1.0,1.0,1006,0,94
optdigits,0.9538461538461539,7,all_class_baseline,class_stage,0.9489795918367347,0.9587628865979382,1006,0,97
optdigits,0.9101123595505618,8,all_class_baseline,class_stage,0.9759036144578314,0.8526315789473684,1006,0,95
optdigits,0.8620689655172413,9,all_class_baseline,class_stage,0.9615384615384616,0.78125,1006,0,96
optdigits,0.967741935483871,9,fixed_capacity_incremental,class_stage,1.0,0.9375,1006,0,96
optdigits,0.9693877551020408,8,fixed_capacity_incremental,class_stage,0.9405940594059405,1.0,1006,0,95
optdigits,0.9456521739130435,9,fixed_capacity_incremental,class_stage,0.9886363636363636,0.90625,1006,1,96
optdigits,0.9791666666666666,8,fixed_capacity_incremental,class_stage,0.9690721649484536,0.9894736842105263,1006,1,95
optdigits,0.96,7,fixed_capacity_incremental,class_stage,0.9320388349514563,0.9896907216494846,1006,1,97
optdigits,0.9273743016759777,9,fixed_capacity_incremental,class_stage,1.0,0.8645833333333334,1006,2,96
optdigits,0.9484536082474226,8,fixed_capacity_incremental,class_stage,0.9292929292929293,0.968421052631579,1006,2,95
optdigits,0.9504950495049505,7,fixed_capacity_incremental,class_stage,0.9142857142857143,0.9896907216494846,1006,2,97
optdigits,0.9735449735449735,6,fixed_capacity_incremental,class_stage,0.968421052631579,0.9787234042553191,1006,2,94
optdigits,0.8938547486033519,9,fixed_capacity_incremental,class_stage,0.963855421686747,0.8333333333333334,1006,3,96
optdigits,0.9637305699481865,8,fixed_capacity_incremental,class_stage,0.9489795918367347,0.9789473684210527,1006,3,95
optdigits,0.9405940594059405,7,fixed_capacity_incremental,class_stage,0.9047619047619048,0.979381443298969,1006,3,97
optdigits,0.983957219251337,6,fixed_capacity_incremental,class_stage,0.989247311827957,0.9787234042553191,1006,3,94
optdigits,0.9738219895287958,5,fixed_capacity_incremental,class_stage,0.9587628865979382,0.9893617021276596,1006,3,94
optdigits,0.8685714285714285,9,fixed_capacity_incremental,class_stage,0.9620253164556962,0.7916666666666666,1006,4,96
optdigits,0.9518716577540107,8,fixed_capacity_incremental,class_stage,0.967391304347826,0.9368421052631579,1006,4,95
optdigits,0.9587628865979382,7,fixed_capacity_incremental,class_stage,0.9587628865979382,0.9587628865979382,1006,4,97
optdigits,0.9629629629629629,6,fixed_capacity_incremental,class_stage,0.9578947368421052,0.9680851063829787,1006,4,94
optdigits,0.9738219895287958,5,fixed_capacity_incremental,class_stage,0.9587628865979382,0.9893617021276596,1006,4,94
optdigits,0.8952380952380953,4,fixed_capacity_incremental,class_stage,0.831858407079646,0.9690721649484536,1006,4,97
optdigits,0.8372093023255814,9,fixed_capacity_incremental,class_stage,0.9473684210526315,0.75,1006,5,96
optdigits,0.9565217391304348,8,fixed_capacity_incremental,class_stage,0.9887640449438202,0.9263157894736842,1006,5,95
optdigits,0.9629629629629629,7,fixed_capacity_incremental,class_stage,0.9891304347826086,0.9381443298969072,1006,5,97
optdigits,0.9841269841269841,6,fixed_capacity_incremental,class_stage,0.9789473684210527,0.9893617021276596,1006,5,94
optdigits,0.9738219895287958,5,fixed_capacity_incremental,class_stage,0.9587628865979382,0.9893617021276596,1006,5,94
optdigits,0.927536231884058,4,fixed_capacity_incremental,class_stage,0.8727272727272727,0.9896907216494846,1006,5,97
optdigits,0.9230769230769231,3,fixed_capacity_incremental,class_stage,0.8648648648648649,0.9896907216494846,1006,5,97
optdigits,0.8554913294797688,9,fixed_capacity_incremental,class_stage,0.961038961038961,0.7708333333333334,1006,6,96
optdigits,0.9405405405405406,8,fixed_capacity_incremental,class_stage,0.9666666666666667,0.9157894736842105,1006,6,95
optdigits,0.968421052631579,7,fixed_capacity_incremental,class_stage,0.989247311827957,0.9484536082474226,1006,6,97
optdigits,0.967032967032967,6,fixed_capacity_incremental,class_stage,1.0,0.9361702127659575,1006,6,94
optdigits,0.968421052631579,5,fixed_capacity_incremental,class_stage,0.9583333333333334,0.9787234042553191,1006,6,94
optdigits,0.9313725490196079,4,fixed_capacity_incremental,class_stage,0.8878504672897196,0.979381443298969,1006,6,97
optdigits,0.9230769230769231,3,fixed_capacity_incremental,class_stage,0.8648648648648649,0.9896907216494846,1006,6,97
optdigits,0.9494949494949495,2,fixed_capacity_incremental,class_stage,0.912621359223301,0.9894736842105263,1006,6,95
optdigits,0.8452380952380952,9,fixed_capacity_incremental,class_stage,0.9861111111111112,0.7395833333333334,1006,7,96
optdigits,0.9297297297297298,8,fixed_capacity_incremental,class_stage,0.9555555555555556,0.9052631578947369,1006,7,95
optdigits,0.9583333333333334,7,fixed_capacity_incremental,class_stage,0.968421052631579,0.9484536082474226,1006,7,97
optdigits,0.9782608695652174,6,fixed_capacity_incremental,class_stage,1.0,0.9574468085106383,1006,7,94
optdigits,0.968421052631579,5,fixed_capacity_incremental,class_stage,0.9583333333333334,0.9787234042553191,1006,7,94
optdigits,0.945273631840796,4,fixed_capacity_incremental,class_stage,0.9134615384615384,0.979381443298969,1006,7,97
optdigits,0.9504950495049505,3,fixed_capacity_incremental,class_stage,0.9142857142857143,0.9896907216494846,1006,7,97
optdigits,0.9533678756476683,2,fixed_capacity_incremental,class_stage,0.9387755102040817,0.968421052631579,1006,7,95
optdigits,0.8995215311004785,1,fixed_capacity_incremental,class_stage,0.8392857142857143,0.9690721649484536,1006,7,97
optdigits,0.8121212121212121,9,fixed_capacity_incremental,class_stage,0.9710144927536232,0.6979166666666666,1006,8,96
optdigits,0.8926553672316384,8,fixed_capacity_incremental,class_stage,0.9634146341463414,0.8315789473684211,1006,8,95
optdigits,0.9637305699481865,7,fixed_capacity_incremental,class_stage,0.96875,0.9587628865979382,1006,8,97
optdigits,0.989247311827957,6,fixed_capacity_incremental,class_stage,1.0,0.9787234042553191,1006,8,94
optdigits,0.9735449735449735,5,fixed_capacity_incremental,class_stage,0.968421052631579,0.9787234042553191,1006,8,94
optdigits,0.9458128078817734,4,fixed_capacity_incremental,class_stage,0.9056603773584906,0.9896907216494846,1006,8,97
optdigits,0.9458128078817734,3,fixed_capacity_incremental,class_stage,0.9056603773584906,0.9896907216494846,1006,8,97
optdigits,0.9690721649484536,2,fixed_capacity_incremental,class_stage,0.9494949494949495,0.9894736842105263,1006,8,95
optdigits,0.8962264150943396,1,fixed_capacity_incremental,class_stage,0.8260869565217391,0.979381443298969,1006,8,97
optdigits,0.9894736842105263,0,fixed_capacity_incremental,class_stage,0.9791666666666666,1.0,1006,8,94
optdigits,0.8488372093023255,9,fixed_capacity_incremental,consolidation,0.9605263157894737,0.7604166666666666,1006,9,96
optdigits,0.9050279329608939,8,fixed_capacity_incremental,consolidation,0.9642857142857143,0.8526315789473684,1006,9,95
optdigits,0.979381443298969,7,fixed_capacity_incremental,consolidation,0.979381443298969,0.979381443298969,1006,9,97
optdigits,0.983957219251337,6,fixed_capacity_incremental,consolidation,0.989247311827957,0.9787234042553191,1006,9,94
optdigits,0.968421052631579,5,fixed_capacity_incremental,consolidation,0.9583333333333334,0.9787234042553191,1006,9,94
optdigits,0.9595959595959596,4,fixed_capacity_incremental,consolidation,0.9405940594059405,0.979381443298969,1006,9,97
optdigits,0.9696969696969697,3,fixed_capacity_incremental,consolidation,0.9504950495049505,0.9896907216494846,1006,9,97
optdigits,0.9738219895287958,2,fixed_capacity_incremental,consolidation,0.96875,0.9789473684210527,1006,9,95
optdigits,0.9107981220657277,1,fixed_capacity_incremental,consolidation,0.8362068965517241,1.0,1006,9,97
optdigits,0.9894736842105263,0,fixed_capacity_incremental,consolidation,0.9791666666666666,1.0,1006,9,94
optdigits,0.9468085106382979,9,adaptive_capacity_incremental,class_stage,0.967391304347826,0.9270833333333334,1006,0,96
optdigits,0.9484536082474226,8,adaptive_capacity_incremental,class_stage,0.9292929292929293,0.968421052631579,1006,0,95
optdigits,0.9354838709677419,9,adaptive_capacity_incremental,class_stage,0.9666666666666667,0.90625,1006,1,96
optdigits,0.9633507853403142,8,adaptive_capacity_incremental,class_stage,0.9583333333333334,0.968421052631579,1006,1,95
optdigits,0.964824120603015,7,adaptive_capacity_incremental,class_stage,0.9411764705882353,0.9896907216494846,1006,1,97
optdigits,0.9333333333333333,9,adaptive_capacity_incremental,class_stage,1.0,0.875,1006,2,96
optdigits,0.9368421052631579,8,adaptive_capacity_incremental,class_stage,0.9368421052631579,0.9368421052631579,1006,2,95
optdigits,0.9458128078817734,7,adaptive_capacity_incremental,class_stage,0.9056603773584906,0.9896907216494846,1006,2,97
optdigits,0.9633507853403142,6,adaptive_capacity_incremental,class_stage,0.9484536082474226,0.9787234042553191,1006,2,94
optdigits,0.8950276243093923,9,adaptive_capacity_incremental,class_stage,0.9529411764705882,0.84375,1006,3,96
optdigits,0.9629629629629629,8,adaptive_capacity_incremental,class_stage,0.9680851063829787,0.9578947368421052,1006,3,95
optdigits,0.9320388349514563,7,adaptive_capacity_incremental,class_stage,0.8807339449541285,0.9896907216494846,1006,3,97
optdigits,0.9946524064171123,6,adaptive_capacity_incremental,class_stage,1.0,0.9893617021276596,1006,3,94
optdigits,0.9735449735449735,5,adaptive_capacity_incremental,class_stage,0.968421052631579,0.9787234042553191,1006,3,94
optdigits,0.9060773480662984,9,adaptive_capacity_incremental,class_stage,0.9647058823529412,0.8541666666666666,1006,4,96
optdigits,0.9468085106382979,8,adaptive_capacity_incremental,class_stage,0.956989247311828,0.9368421052631579,1006,4,95
optdigits,0.9595959595959596,7,adaptive_capacity_incremental,class_stage,0.9405940594059405,0.979381443298969,1006,4,97
optdigits,0.9625668449197861,6,adaptive_capacity_incremental,class_stage,0.967741935483871,0.9574468085106383,1006,4,94
optdigits,0.9789473684210527,5,adaptive_capacity_incremental,class_stage,0.96875,0.9893617021276596,1006,4,94
optdigits,0.9306930693069307,4,adaptive_capacity_incremental,class_stage,0.8952380952380953,0.9690721649484536,1006,4,97
optdigits,0.8554913294797688,9,adaptive_capacity_incremental,class_stage,0.961038961038961,0.7708333333333334,1006,5,96
optdigits,0.9354838709677419,8,adaptive_capacity_incremental,class_stage,0.9560439560439561,0.9157894736842105,1006,5,95
optdigits,0.9538461538461539,7,adaptive_capacity_incremental,class_stage,0.9489795918367347,0.9587628865979382,1006,5,97
optdigits,0.983957219251337,6,adaptive_capacity_incremental,class_stage,0.989247311827957,0.9787234042553191,1006,5,94
optdigits,0.9893617021276596,5,adaptive_capacity_incremental,class_stage,0.9893617021276596,0.9893617021276596,1006,5,94
optdigits,0.9223300970873787,4,adaptive_capacity_incremental,class_stage,0.8715596330275229,0.979381443298969,1006,5,97
optdigits,0.9365853658536586,3,adaptive_capacity_incremental,class_stage,0.8888888888888888,0.9896907216494846,1006,5,97
optdigits,0.8620689655172413,9,adaptive_capacity_incremental,class_stage,0.9615384615384616,0.78125,1006,6,96
optdigits,0.9354838709677419,8,adaptive_capacity_incremental,class_stage,0.9560439560439561,0.9157894736842105,1006,6,95
optdigits,0.9538461538461539,7,adaptive_capacity_incremental,class_stage,0.9489795918367347,0.9587628865979382,1006,6,97
optdigits,0.967391304347826,6,adaptive_capacity_incremental,class_stage,0.9888888888888889,0.9468085106382979,1006,6,94
optdigits,0.96875,5,adaptive_capacity_incremental,class_stage,0.9489795918367347,0.9893617021276596,1006,6,94
optdigits,0.9117647058823529,4,adaptive_capacity_incremental,class_stage,0.8691588785046729,0.9587628865979382,1006,6,97
optdigits,0.9504950495049505,3,adaptive_capacity_incremental,class_stage,0.9142857142857143,0.9896907216494846,1006,6,97
optdigits,0.9740932642487047,2,adaptive_capacity_incremental,class_stage,0.9591836734693877,0.9894736842105263,1006,6,95
optdigits,0.8505747126436781,9,adaptive_capacity_incremental,class_stage,0.9487179487179487,0.7708333333333334,1006,7,96
optdigits,0.8950276243093923,8,adaptive_capacity_incremental,class_stage,0.9418604651162791,0.8526315789473684,1006,7,95
optdigits,0.9587628865979382,7,adaptive_capacity_incremental,class_stage,0.9587628865979382,0.9587628865979382,1006,7,97
optdigits,0.9787234042553191,6,adaptive_capacity_incremental,class_stage,0.9787234042553191,0.9787234042553191,1006,7,94
optdigits,0.9735449735449735,5,adaptive_capacity_incremental,class_stage,0.968421052631579,0.9787234042553191,1006,7,94
optdigits,0.9261083743842364,4,adaptive_capacity_incremental,class_stage,0.8867924528301887,0.9690721649484536,1006,7,97
optdigits,0.9743589743589743,3,adaptive_capacity_incremental,class_stage,0.9693877551020408,0.979381443298969,1006,7,97
optdigits,0.9479166666666666,2,adaptive_capacity_incremental,class_stage,0.9381443298969072,0.9578947368421052,1006,7,95
optdigits,0.9038461538461539,1,adaptive_capacity_incremental,class_stage,0.8468468468468469,0.9690721649484536,1006,7,97
optdigits,0.8488372093023255,9,adaptive_capacity_incremental,class_stage,0.9605263157894737,0.7604166666666666,1006,8,96
optdigits,0.907103825136612,8,adaptive_capacity_incremental,class_stage,0.9431818181818182,0.8736842105263158,1006,8,95
optdigits,0.9637305699481865,7,adaptive_capacity_incremental,class_stage,0.96875,0.9587628865979382,1006,8,97
optdigits,0.967741935483871,6,adaptive_capacity_incremental,class_stage,0.9782608695652174,0.9574468085106383,1006,8,94
optdigits,0.968421052631579,5,adaptive_capacity_incremental,class_stage,0.9583333333333334,0.9787234042553191,1006,8,94
optdigits,0.9359605911330049,4,adaptive_capacity_incremental,class_stage,0.8962264150943396,0.979381443298969,1006,8,97
optdigits,0.9743589743589743,3,adaptive_capacity_incremental,class_stage,0.9693877551020408,0.979381443298969,1006,8,97
optdigits,0.9629629629629629,2,adaptive_capacity_incremental,class_stage,0.9680851063829787,0.9578947368421052,1006,8,95
optdigits,0.8815165876777251,1,adaptive_capacity_incremental,class_stage,0.8157894736842105,0.9587628865979382,1006,8,97
optdigits,0.9894736842105263,0,adaptive_capacity_incremental,class_stage,0.9791666666666666,1.0,1006,8,94
optdigits,0.8488372093023255,9,adaptive_capacity_incremental,consolidation,0.9605263157894737,0.7604166666666666,1006,9,96
optdigits,0.907103825136612,8,adaptive_capacity_incremental,consolidation,0.9431818181818182,0.8736842105263158,1006,9,95
optdigits,0.9637305699481865,7,adaptive_capacity_incremental,consolidation,0.96875,0.9587628865979382,1006,9,97
optdigits,0.9787234042553191,6,adaptive_capacity_incremental,consolidation,0.9787234042553191,0.9787234042553191,1006,9,94
optdigits,0.9633507853403142,5,adaptive_capacity_incremental,consolidation,0.9484536082474226,0.9787234042553191,1006,9,94
optdigits,0.945273631840796,4,adaptive_capacity_incremental,consolidation,0.9134615384615384,0.979381443298969,1006,9,97
optdigits,0.9743589743589743,3,adaptive_capacity_incremental,consolidation,0.9693877551020408,0.979381443298969,1006,9,97
optdigits,0.9629629629629629,2,adaptive_capacity_incremental,consolidation,0.9680851063829787,0.9578947368421052,1006,9,95
optdigits,0.8857142857142857,1,adaptive_capacity_incremental,consolidation,0.8230088495575221,0.9587628865979382,1006,9,97
optdigits,0.9894736842105263,0,adaptive_capacity_incremental,consolidation,0.9791666666666666,1.0,1006,9,94
optdigits,0.9947089947089947,0,all_class_baseline,class_stage,0.9894736842105263,1.0,1007,0,94
optdigits,0.9047619047619048,1,all_class_baseline,class_stage,0.8407079646017699,0.979381443298969,1007,0,97
optdigits,0.9578947368421052,2,all_class_baseline,class_stage,0.9578947368421052,0.9578947368421052,1007,0,95
optdigits,0.9743589743589743,3,all_class_baseline,class_stage,0.9693877551020408,0.979381443298969,1007,0,97
optdigits,0.9458128078817734,4,all_class_baseline,class_stage,0.9056603773584906,0.9896907216494846,1007,0,97
optdigits,0.968421052631579,5,all_class_baseline,class_stage,0.9583333333333334,0.9787234042553191,1007,0,94
optdigits,0.9947089947089947,6,all_class_baseline,class_stage,0.9894736842105263,1.0,1007,0,94
optdigits,0.9538461538461539,7,all_class_baseline,class_stage,0.9489795918367347,0.9587628865979382,1007,0,97
optdigits,0.9281767955801105,8,all_class_baseline,class_stage,0.9767441860465116,0.8842105263157894,1007,0,95
optdigits,0.8470588235294118,9,all_class_baseline,class_stage,0.972972972972973,0.75,1007,0,96
optdigits,0.9578947368421052,9,fixed_capacity_incremental,class_stage,0.9680851063829787,0.9479166666666666,1007,0,96
optdigits,0.9583333333333334,8,fixed_capacity_incremental,class_stage,0.9484536082474226,0.968421052631579,1007,0,95
optdigits,0.9398907103825137,9,fixed_capacity_incremental,class_stage,0.9885057471264368,0.8958333333333334,1007,1,96
optdigits,0.9637305699481865,8,fixed_capacity_incremental,class_stage,0.9489795918367347,0.9789473684210527,1007,1,95
optdigits,0.97,7,fixed_capacity_incremental,class_stage,0.941747572815534,1.0,1007,1,97
optdigits,0.9289617486338798,9,fixed_capacity_incremental,class_stage,0.9770114942528736,0.8854166666666666,1007,2,96
optdigits,0.9139784946236559,8,fixed_capacity_incremental,class_stage,0.9340659340659341,0.8947368421052632,1007,2,95
optdigits,0.9644670050761421,7,fixed_capacity_incremental,class_stage,0.95,0.979381443298969,1007,2,97
optdigits,0.9393939393939394,6,fixed_capacity_incremental,class_stage,0.8942307692307693,0.9893617021276596,1007,2,94
optdigits,0.8950276243093923,9,fixed_capacity_incremental,class_stage,0.9529411764705882,0.84375,1007,3,96
optdigits,0.9578947368421052,8,fixed_capacity_incremental,class_stage,0.9578947368421052,0.9578947368421052,1007,3,95
optdigits,0.9306930693069307,7,fixed_capacity_incremental,class_stage,0.8952380952380953,0.9690721649484536,1007,3,97
optdigits,0.9680851063829787,6,fixed_capacity_incremental,class_stage,0.9680851063829787,0.9680851063829787,1007,3,94
optdigits,0.9528795811518325,5,fixed_capacity_incremental,class_stage,0.9381443298969072,0.9680851063829787,1007,3,94
optdigits,0.8938547486033519,9,fixed_capacity_incremental,class_stage,0.963855421686747,0.8333333333333334,1007,4,96
optdigits,0.9513513513513514,8,fixed_capacity_incremental,class_stage,0.9777777777777777,0.9263157894736842,1007,4,95
optdigits,0.9591836734693877,7,fixed_capacity_incremental,class_stage,0.9494949494949495,0.9690721649484536,1007,4,97
optdigits,0.9787234042553191,6,fixed_capacity_incremental,class_stage,0.9787234042553191,0.9787234042553191,1007,4,94
optdigits,0.9738219895287958,5,fixed_capacity_incremental,class_stage,0.9587628865979382,0.9893617021276596,1007,4,94
optdigits,0.9178743961352657,4,fixed_capacity_incremental,class_stage,0.8636363636363636,0.979381443298969,1007,4,97
optdigits,0.8715083798882681,9,fixed_capacity_incremental,class_stage,0.9397590361445783,0.8125,1007,5,96
optdigits,0.9518716577540107,8,fixed_capacity_incremental,class_stage,0.967391304347826,0.9368421052631579,1007,5,95
optdigits,0.9633507853403142,7,fixed_capacity_incremental,class_stage,0.9787234042553191,0.9484536082474226,1007,5,97
optdigits,0.9782608695652174,6,fixed_capacity_incremental,class_stage,1.0,0.9574468085106383,1007,5,94
optdigits,0.9738219895287958,5,fixed_capacity_incremental,class_stage,0.9587628865979382,0.9893617021276596,1007,5,94
optdigits,0.9223300970873787,4,fixed_capacity_incremental,class_stage,0.8715596330275229,0.979381443298969,1007,5,97
optdigits,0.9405940594059405,3,fixed_capacity_incremental,class_stage,0.9047619047619048,0.979381443298969,1007,5,97
optdigits,0.8700564971751412,9,fixed_capacity_incremental,class_stage,0.9506172839506173,0.8020833333333334,1007,6,96
optdigits,0.9523809523809523,8,fixed_capacity_incremental,class_stage,0.9574468085106383,0.9473684210526315,1007,6,95
optdigits,0.968421052631579,7,fixed_capacity_incremental,class_stage,0.989247311827957,0.9484536082474226,1007,6,97
optdigits,0.967032967032967,6,fixed_capacity_incremental,class_stage,1.0,0.9361702127659575,1007,6,94
optdigits,0.9680851063829787,5,fixed_capacity_incremental,class_stage,0.9680851063829787,0.9680851063829787,1007,6,94
optdigits,0.9223300970873787,4,fixed_capacity_incremental,class_stage,0.8715596330275229,0.979381443298969,1007,6,97
optdigits,0.9509803921568627,3,fixed_capacity_incremental,class_stage,0.9065420560747663,1.0,1007,6,97
optdigits,0.9690721649484536,2,fixed_capacity_incremental,class_stage,0.9494949494949495,0.9894736842105263,1007,6,95
optdigits,0.8255813953488372,9,fixed_capacity_incremental,class_stage,0.9342105263157895,0.7395833333333334,1007,7,96
optdigits,0.9010989010989011,8,fixed_capacity_incremental,class_stage,0.9425287356321839,0.8631578947368421,1007,7,95
optdigits,0.9473684210526315,7,fixed_capacity_incremental,class_stage,0.967741935483871,0.9278350515463918,1007,7,97
optdigits,0.9782608695652174,6,fixed_capacity_incremental,class_stage,1.0,0.9574468085106383,1007,7,94
optdigits,0.968421052631579,5,fixed_capacity_incremental,class_stage,0.9583333333333334,0.9787234042553191,1007,7,94
optdigits,0.94,4,fixed_capacity_incremental,class_stage,0.912621359223301,0.9690721649484536,1007,7,97
optdigits,0.9696969696969697,3,fixed_capacity_incremental,class_stage,0.9504950495049505,0.9896907216494846,1007,7,97
optdigits,0.9641025641025641,2,fixed_capacity_incremental,class_stage,0.94,0.9894736842105263,1007,7,95
optdigits,0.9014084507042254,1,fixed_capacity_incremental,class_stage,0.8275862068965517,0.9896907216494846,1007,7,97
optdigits,0.8192771084337349,9,fixed_capacity_incremental,class_stage,0.9714285714285714,0.7083333333333334,1007,8,96
optdigits,0.8888888888888888,8,fixed_capacity_incremental,class_stage,0.9411764705882353,0.8421052631578947,1007,8,95
optdigits,0.9791666666666666,7,fixed_capacity_incremental,class_stage,0.9894736842105263,0.9690721649484536,1007,8,97
optdigits,0.9782608695652174,6,fixed_capacity_incremental,class_stage,1.0,0.9574468085106383,1007,8,94
optdigits,0.9633507853403142,5,fixed_capacity_incremental,class_stage,0.9484536082474226,0.9787234042553191,1007,8,94
optdigits,0.9504950495049505,4,fixed_capacity_incremental,class_stage,0.9142857142857143,0.9896907216494846,1007,8,97
optdigits,0.9795918367346939,3,fixed_capacity_incremental,class_stage,0.9696969696969697,0.9896907216494846,1007,8,97
optdigits,0.9633507853403142,2,fixed_capacity_incremental,class_stage,0.9583333333333334,0.968421052631579,1007,8,95
optdigits,0.8858447488584474,1,fixed_capacity_incremental,class_stage,0.7950819672131147,1.0,1007,8,97
optdigits,0.9842931937172775,0,fixed_capacity_incremental,class_stage,0.9690721649484536,1.0,1007,8,94
optdigits,0.8323699421965318,9,fixed_capacity_incremental,consolidation,0.935064935064935,0.75,1007,9,96
optdigits,0.9230769230769231,8,fixed_capacity_incremental,consolidation,0.9655172413793104,0.8842105263157894,1007,9,95
optdigits,0.9743589743589743,7,fixed_capacity_incremental,consolidation,0.9693877551020408,0.979381443298969,1007,9,97
optdigits,0.9837837837837838,6,fixed_capacity_incremental,consolidation,1.0,0.9680851063829787,1007,9,94
optdigits,0.9735449735449735,5,fixed_capacity_incremental,consolidation,0.968421052631579,0.9787234042553191,1007,9,94
optdigits,0.9547738693467337,4,fixed_capacity_incremental,consolidation,0.9313725490196079,0.979381443298969,1007,9,97
optdigits,0.9896907216494846,3,fixed_capacity_incremental,consolidation,0.9896907216494846,0.9896907216494846,1007,9,97
optdigits,0.9789473684210527,2,fixed_capacity_incremental,consolidation,0.9789473684210527,0.9789473684210527,1007,9,95
optdigits,0.9023255813953488,1,fixed_capacity_incremental,consolidation,0.8220338983050848,1.0,1007,9,97
optdigits,0.9894736842105263,0,fixed_capacity_incremental,consolidation,0.9791666666666666,1.0,1007,9,94
optdigits,0.9523809523809523,9,adaptive_capacity_incremental,class_stage,0.967741935483871,0.9375,1007,0,96
optdigits,0.9533678756476683,8,adaptive_capacity_incremental,class_stage,0.9387755102040817,0.968421052631579,1007,0,95
optdigits,0.9297297297297298,9,adaptive_capacity_incremental,class_stage,0.9662921348314607,0.8958333333333334,1007,1,96
optdigits,0.9629629629629629,8,adaptive_capacity_incremental,class_stage,0.9680851063829787,0.9578947368421052,1007,1,95
optdigits,0.9504950495049505,7,adaptive_capacity_incremental,class_stage,0.9142857142857143,0.9896907216494846,1007,1,97
optdigits,0.9130434782608695,9,adaptive_capacity_incremental,class_stage,0.9545454545454546,0.875,1007,2,96
optdigits,0.9130434782608695,8,adaptive_capacity_incremental,class_stage,0.9438202247191011,0.8842105263157894,1007,2,95
optdigits,0.9458128078817734,7,adaptive_capacity_incremental,class_stage,0.9056603773584906,0.9896907216494846,1007,2,97
optdigits,0.9533678756476683,6,adaptive_capacity_incremental,class_stage,0.9292929292929293,0.9787234042553191,1007,2,94
optdigits,0.9050279329608939,9,adaptive_capacity_incremental,class_stage,0.9759036144578314,0.84375,1007,3,96
optdigits,0.9629629629629629,8,adaptive_capacity_incremental,class_stage,0.9680851063829787,0.9578947368421052,1007,3,95
optdigits,0.9365853658536586,7,adaptive_capacity_incremental,class_stage,0.8888888888888888,0.9896907216494846,1007,3,97
optdigits,0.9841269841269841,6,adaptive_capacity_incremental,class_stage,0.9789473684210527,0.9893617021276596,1007,3,94
optdigits,0.9789473684210527,5,adaptive_capacity_incremental,class_stage,0.96875,0.9893617021276596,1007,3,94
optdigits,0.9111111111111111,9,adaptive_capacity_incremental,class_stage,0.9761904761904762,0.8541666666666666,1007,4,96
optdigits,0.9518716577540107,8,adaptive_capacity_incremental,class_stage,0.967391304347826,0.9368421052631579,1007,4,95
optdigits,0.9644670050761421,7,adaptive_capacity_incremental,class_stage,0.95,0.979381443298969,1007,4,97
optdigits,0.9787234042553191,6,adaptive_capacity_incremental,class_stage,0.9787234042553191,0.9787234042553191,1007,4,94
optdigits,0.9789473684210527,5,adaptive_capacity_incremental,class_stage,0.96875,0.9893617021276596,1007,4,94
optdigits,0.9411764705882353,4,adaptive_capacity_incremental,class_stage,0.897196261682243,0.9896907216494846,1007,4,97
optdigits,0.8457142857142858,9,adaptive_capacity_incremental,class_stage,0.9367088607594937,0.7708333333333334,1007,5,96
optdigits,0.956989247311828,8,adaptive_capacity_incremental,class_stage,0.978021978021978,0.9368421052631579,1007,5,95
optdigits,0.9637305699481865,7,adaptive_capacity_incremental,class_stage,0.96875,0.9587628865979382,1007,5,97
optdigits,0.989247311827957,6,adaptive_capacity_incremental,class_stage,1.0,0.9787234042553191,1007,5,94
optdigits,0.96875,5,adaptive_capacity_incremental,class_stage,0.9489795918367347,0.9893617021276596,1007,5,94
optdigits,0.9170731707317074,4,adaptive_capacity_incremental,class_stage,0.8703703703703703,0.9690721649484536,1007,5,97
optdigits,0.9359605911330049,3,adaptive_capacity_incremental,class_stage,0.8962264150943396,0.979381443298969,1007,5,97
optdigits,0.8488372093023255,9,adaptive_capacity_incremental,class_stage,0.9605263157894737,0.7604166666666666,1007,6,96
optdigits,0.9456521739130435,8,adaptive_capacity_incremental,class_stage,0.9775280898876404,0.9157894736842105,1007,6,95
optdigits,0.9690721649484536,7,adaptive_capacity_incremental,class_stage,0.9690721649484536,0.9690721649484536,1007,6,97
optdigits,0.9893617021276596,6,adaptive_capacity_incremental,class_stage,0.9893617021276596,0.9893617021276596,1007,6,94
optdigits,0.968421052631579,5,adaptive_capacity_incremental,class_stage,0.9583333333333334,0.9787234042553191,1007,6,94
optdigits,0.9223300970873787,4,adaptive_capacity_incremental,class_stage,0.8715596330275229,0.979381443298969,1007,6,97
optdigits,0.9504950495049505,3,adaptive_capacity_incremental,class_stage,0.9142857142857143,0.9896907216494846,1007,6,97
optdigits,0.9690721649484536,2,adaptive_capacity_incremental,class_stage,0.9494949494949495,0.9894736842105263,1007,6,95
optdigits,0.8488372093023255,9,adaptive_capacity_incremental,class_stage,0.9605263157894737,0.7604166666666666,1007,7,96
optdigits,0.9,8,adaptive_capacity_incremental,class_stage,0.9529411764705882,0.8526315789473684,1007,7,95
optdigits,0.96875,7,adaptive_capacity_incremental,class_stage,0.9789473684210527,0.9587628865979382,1007,7,97
optdigits,0.983957219251337,6,adaptive_capacity_incremental,class_stage,0.989247311827957,0.9787234042553191,1007,7,94
optdigits,0.9629629629629629,5,adaptive_capacity_incremental,class_stage,0.9578947368421052,0.9680851063829787,1007,7,94
optdigits,0.9261083743842364,4,adaptive_capacity_incremental,class_stage,0.8867924528301887,0.9690721649484536,1007,7,97
optdigits,0.9693877551020408,3,adaptive_capacity_incremental,class_stage,0.9595959595959596,0.979381443298969,1007,7,97
optdigits,0.9430051813471503,2,adaptive_capacity_incremental,class_stage,0.9285714285714286,0.9578947368421052,1007,7,95
optdigits,0.8867924528301887,1,adaptive_capacity_incremental,class_stage,0.8173913043478261,0.9690721649484536,1007,7,97
optdigits,0.8554913294797688,9,adaptive_capacity_incremental,class_stage,0.961038961038961,0.7708333333333334,1007,8,96
optdigits,0.9289617486338798,8,adaptive_capacity_incremental,class_stage,0.9659090909090909,0.8947368421052632,1007,8,95
optdigits,0.979381443298969,7,adaptive_capacity_incremental,class_stage,0.979381443298969,0.979381443298969,1007,8,97
optdigits,0.972972972972973,6,adaptive_capacity_incremental,class_stage,0.989010989010989,0.9574468085106383,1007,8,94
optdigits,0.968421052631579,5,adaptive_capacity_incremental,class_stage,0.9583333333333334,0.9787234042553191,1007,8,94
optdigits,0.93,4,adaptive_capacity_incremental,class_stage,0.9029126213592233,0.9587628865979382,1007,8,97
optdigits,0.9846153846153847,3,adaptive_capacity_incremental,class_stage,0.9795918367346939,0.9896907216494846,1007,8,97
optdigits,0.9629629629629629,2,adaptive_capacity_incremental,class_stage,0.9680851063829787,0.9578947368421052,1007,8,95
optdigits,0.8962264150943396,1,adaptive_capacity_incremental,class_stage,0.8260869565217391,0.979381443298969,1007,8,97
optdigits,0.9842931937172775,0,adaptive_capacity_incremental,class_stage,0.9690721649484536,1.0,1007,8,94
optdigits,0.8571428571428571,9,adaptive_capacity_incremental,consolidation,0.9493670886075949,0.78125,1007,9,96
optdigits,0.9289617486338798,8,adaptive_capacity_incremental,consolidation,0.9659090909090909,0.8947368421052632,1007,9,95
optdigits,0.96875,7,adaptive_capacity_incremental,consolidation,0.9789473684210527,0.9587628865979382,1007,9,97
optdigits,0.983957219251337,6,adaptive_capacity_incremental,consolidation,0.989247311827957,0.9787234042553191,1007,9,94
optdigits,0.9633507853403142,5,adaptive_capacity_incremental,consolidation,0.9484536082474226,0.9787234042553191,1007,9,94
optdigits,0.94,4,adaptive_capacity_incremental,consolidation,0.912621359223301,0.9690721649484536,1007,9,97
optdigits,0.9846153846153847,3,adaptive_capacity_incremental,consolidation,0.9795918367346939,0.9896907216494846,1007,9,97
optdigits,0.9629629629629629,2,adaptive_capacity_incremental,consolidation,0.9680851063829787,0.9578947368421052,1007,9,95
optdigits,0.8909952606635071,1,adaptive_capacity_incremental,consolidation,0.8245614035087719,0.9690721649484536,1007,9,97
optdigits,0.9947089947089947,0,adaptive_capacity_incremental,consolidation,0.9894736842105263,1.0,1007,9,94
optdigits,0.9894736842105263,0,all_class_baseline,class_stage,0.9791666666666666,1.0,1008,0,94
optdigits,0.8952380952380953,1,all_class_baseline,class_stage,0.831858407079646,0.9690721649484536,1008,0,97
optdigits,0.9583333333333334,2,all_class_baseline,class_stage,0.9484536082474226,0.968421052631579,1008,0,95
optdigits,0.9746192893401016,3,all_class_baseline,class_stage,0.96,0.9896907216494846,1008,0,97
optdigits,0.9651741293532339,4,all_class_baseline,class_stage,0.9326923076923077,1.0,1008,0,97
optdigits,0.9732620320855615,5,all_class_baseline,class_stage,0.978494623655914,0.9680851063829787,1008,0,94
optdigits,0.9842931937172775,6,all_class_baseline,class_stage,0.9690721649484536,1.0,1008,0,94
optdigits,0.9430051813471503,7,all_class_baseline,class_stage,0.9479166666666666,0.9381443298969072,1008,0,97
optdigits,0.9162011173184358,8,all_class_baseline,class_stage,0.9761904761904762,0.8631578947368421,1008,0,95
optdigits,0.8604651162790697,9,all_class_baseline,class_stage,0.9736842105263158,0.7708333333333334,1008,0,96
optdigits,0.967741935483871,9,fixed_capacity_incremental,class_stage,1.0,0.9375,1008,0,96
optdigits,0.9693877551020408,8,fixed_capacity_incremental,class_stage,0.9405940594059405,1.0,1008,0,95
optdigits,0.9050279329608939,9,fixed_capacity_incremental,class_stage,0.9759036144578314,0.84375,1008,1,96
optdigits,0.96875,8,fixed_capacity_incremental,class_stage,0.9587628865979382,0.9789473684210527,1008,1,95
optdigits,0.9365853658536586,7,fixed_capacity_incremental,class_stage,0.8888888888888888,0.9896907216494846,1008,1,97
optdigits,0.9171270718232044,9,fixed_capacity_incremental,class_stage,0.9764705882352941,0.8645833333333334,1008,2,96
optdigits,0.946236559139785,8,fixed_capacity_incremental,class_stage,0.967032967032967,0.9263157894736842,1008,2,95
optdigits,0.9458128078817734,7,fixed_capacity_incremental,class_stage,0.9056603773584906,0.9896907216494846,1008,2,97
optdigits,0.9690721649484536,6,fixed_capacity_incremental,class_stage,0.94,1.0,1008,2,94
optdigits,0.8888888888888888,9,fixed_capacity_incremental,class_stage,0.9523809523809523,0.8333333333333334,1008,3,96
optdigits,0.9578947368421052,8,fixed_capacity_incremental,class_stage,0.9578947368421052,0.9578947368421052,1008,3,95
optdigits,0.9215686274509803,7,fixed_capacity_incremental,class_stage,0.8785046728971962,0.9690721649484536,1008,3,97
optdigits,0.9680851063829787,6,fixed_capacity_incremental,class_stage,0.9680851063829787,0.9680851063829787,1008,3,94
optdigits,0.9578947368421052,5,fixed_capacity_incremental,class_stage,0.9479166666666666,0.9680851063829787,1008,3,94
optdigits,0.8604651162790697,9,fixed_capacity_incremental,class_stage,0.9736842105263158,0.7708333333333334,1008,4,96
optdigits,0.9468085106382979,8,fixed_capacity_incremental,class_stage,0.956989247311828,0.9368421052631579,1008,4,95
optdigits,0.9591836734693877,7,fixed_capacity_incremental,class_stage,0.9494949494949495,0.9690721649484536,1008,4,97
optdigits,0.972972972972973,6,fixed_capacity_incremental,class_stage,0.989010989010989,0.9574468085106383,1008,4,94
optdigits,0.9441624365482234,5,fixed_capacity_incremental,class_stage,0.9029126213592233,0.9893617021276596,1008,4,94
optdigits,0.9134615384615384,4,fixed_capacity_incremental,class_stage,0.8558558558558559,0.979381443298969,1008,4,97
optdigits,0.8571428571428571,9,fixed_capacity_incremental,class_stage,0.9493670886075949,0.78125,1008,5,96
optdigits,0.9513513513513514,8,fixed_capacity_incremental,class_stage,0.9777777777777777,0.9263157894736842,1008,5,95
optdigits,0.9533678756476683,7,fixed_capacity_incremental,class_stage,0.9583333333333334,0.9484536082474226,1008,5,97
optdigits,0.989247311827957,6,fixed_capacity_incremental,class_stage,1.0,0.9787234042553191,1008,5,94
optdigits,0.9893617021276596,5,fixed_capacity_incremental,class_stage,0.9893617021276596,0.9893617021276596,1008,5,94
optdigits,0.9090909090909091,4,fixed_capacity_incremental,class_stage,0.8482142857142857,0.979381443298969,1008,5,97
optdigits,0.9313725490196079,3,fixed_capacity_incremental,class_stage,0.8878504672897196,0.979381443298969,1008,5,97
optdigits,0.8735632183908046,9,fixed_capacity_incremental,class_stage,0.9743589743589743,0.7916666666666666,1008,6,96
optdigits,0.9368421052631579,8,fixed_capacity_incremental,class_stage,0.9368421052631579,0.9368421052631579,1008,6,95
optdigits,0.9738219895287958,7,fixed_capacity_incremental,class_stage,0.9893617021276596,0.9587628865979382,1008,6,97
optdigits,0.983957219251337,6,fixed_capacity_incremental,class_stage,0.989247311827957,0.9787234042553191,1008,6,94
optdigits,0.9841269841269841,5,fixed_capacity_incremental,class_stage,0.9789473684210527,0.9893617021276596,1008,6,94
optdigits,0.9365853658536586,4,fixed_capacity_incremental,class_stage,0.8888888888888888,0.9896907216494846,1008,6,97
optdigits,0.9651741293532339,3,fixed_capacity_incremental,class_stage,0.9326923076923077,1.0,1008,6,97
optdigits,0.9740932642487047,2,fixed_capacity_incremental,class_stage,0.9591836734693877,0.9894736842105263,1008,6,95
optdigits,0.8505747126436781,9,fixed_capacity_incremental,class_stage,0.9487179487179487,0.7708333333333334,1008,7,96
optdigits,0.925531914893617,8,fixed_capacity_incremental,class_stage,0.9354838709677419,0.9157894736842105,1008,7,95
optdigits,0.9489795918367347,7,fixed_capacity_incremental,class_stage,0.9393939393939394,0.9587628865979382,1008,7,97
optdigits,0.972972972972973,6,fixed_capacity_incremental,class_stage,0.989010989010989,0.9574468085106383,1008,7,94
optdigits,0.9735449735449735,5,fixed_capacity_incremental,class_stage,0.968421052631579,0.9787234042553191,1008,7,94
optdigits,0.9644670050761421,4,fixed_capacity_incremental,class_stage,0.95,0.979381443298969,1008,7,97
optdigits,0.9743589743589743,3,fixed_capacity_incremental,class_stage,0.9693877551020408,0.979381443298969,1008,7,97
optdigits,0.9538461538461539,2,fixed_capacity_incremental,class_stage,0.93,0.9789473684210527,1008,7,95
optdigits,0.9170731707317074,1,fixed_capacity_incremental,class_stage,0.8703703703703703,0.9690721649484536,1008,7,97
optdigits,0.8352941176470589,9,fixed_capacity_incremental,class_stage,0.9594594594594594,0.7395833333333334,1008,8,96
optdigits,0.9340659340659341,8,fixed_capacity_incremental,class_stage,0.9770114942528736,0.8947368421052632,1008,8,95
optdigits,0.9587628865979382,7,fixed_capacity_incremental,class_stage,0.9587628865979382,0.9587628865979382,1008,8,97
optdigits,0.978494623655914,6,fixed_capacity_incremental,class_stage,0.9891304347826086,0.9680851063829787,1008,8,94
optdigits,0.9735449735449735,5,fixed_capacity_incremental,class_stage,0.968421052631579,0.9787234042553191,1008,8,94
optdigits,0.9405940594059405,4,fixed_capacity_incremental,class_stage,0.9047619047619048,0.979381443298969,1008,8,97
optdigits,0.9846153846153847,3,fixed_capacity_incremental,class_stage,0.9795918367346939,0.9896907216494846,1008,8,97
optdigits,0.9637305699481865,2,fixed_capacity_incremental,class_stage,0.9489795918367347,0.9789473684210527,1008,8,95
optdigits,0.8952380952380953,1,fixed_capacity_incremental,class_stage,0.831858407079646,0.9690721649484536,1008,8,97
optdigits,0.9842931937172775,0,fixed_capacity_incremental,class_stage,0.9690721649484536,1.0,1008,8,94
optdigits,0.8502994011976048,9,fixed_capacity_incremental,consolidation,1.0,0.7395833333333334,1008,9,96
optdigits,0.9239130434782609,8,fixed_capacity_incremental,consolidation,0.9550561797752809,0.8947368421052632,1008,9,95
optdigits,0.9587628865979382,7,fixed_capacity_incremental,consolidation,0.9587628865979382,0.9587628865979382,1008,9,97
optdigits,0.978494623655914,6,fixed_capacity_incremental,consolidation,0.9891304347826086,0.9680851063829787,1008,9,94
optdigits,0.9789473684210527,5,fixed_capacity_incremental,consolidation,0.96875,0.9893617021276596,1008,9,94
optdigits,0.964824120603015,4,fixed_capacity_incremental,consolidation,0.9411764705882353,0.9896907216494846,1008,9,97
optdigits,0.9743589743589743,3,fixed_capacity_incremental,consolidation,0.9693877551020408,0.979381443298969,1008,9,97
optdigits,0.96875,2,fixed_capacity_incremental,consolidation,0.9587628865979382,0.9789473684210527,1008,9,95
optdigits,0.8744186046511628,1,fixed_capacity_incremental,consolidation,0.7966101694915254,0.9690721649484536,1008,9,97
optdigits,0.9894736842105263,0,fixed_capacity_incremental,consolidation,0.9791666666666666,1.0,1008,9,94
optdigits,0.9468085106382979,9,adaptive_capacity_incremental,class_stage,0.967391304347826,0.9270833333333334,1008,0,96
optdigits,0.9484536082474226,8,adaptive_capacity_incremental,class_stage,0.9292929292929293,0.968421052631579,1008,0,95
optdigits,0.9347826086956522,9,adaptive_capacity_incremental,class_stage,0.9772727272727273,0.8958333333333334,1008,1,96
optdigits,0.9578947368421052,8,adaptive_capacity_incremental,class_stage,0.9578947368421052,0.9578947368421052,1008,1,95
optdigits,0.9504950495049505,7,adaptive_capacity_incremental,class_stage,0.9142857142857143,0.9896907216494846,1008,1,97
optdigits,0.9340659340659341,9,adaptive_capacity_incremental,class_stage,0.9883720930232558,0.8854166666666666,1008,2,96
optdigits,0.9354838709677419,8,adaptive_capacity_incremental,class_stage,0.9560439560439561,0.9157894736842105,1008,2,95
optdigits,0.9458128078817734,7,adaptive_capacity_incremental,class_stage,0.9056603773584906,0.9896907216494846,1008,2,97
optdigits,0.9637305699481865,6,adaptive_capacity_incremental,class_stage,0.9393939393939394,0.9893617021276596,1008,2,94
optdigits,0.9297297297297298,9,adaptive_capacity_incremental,class_stage,0.9662921348314607,0.8958333333333334,1008,3,96
optdigits,0.9629629629629629,8,adaptive_capacity_incremental,class_stage,0.9680851063829787,0.9578947368421052,1008,3,95
optdigits,0.9504950495049505,7,adaptive_capacity_incremental,class_stage,0.9142857142857143,0.9896907216494846,1008,3,97
optdigits,0.9893617021276596,6,adaptive_capacity_incremental,class_stage,0.9893617021276596,0.9893617021276596,1008,3,94
optdigits,0.9787234042553191,5,adaptive_capacity_incremental,class_stage,0.9787234042553191,0.9787234042553191,1008,3,94
optdigits,0.8950276243093923,9,adaptive_capacity_incremental,class_stage,0.9529411764705882,0.84375,1008,4,96
optdigits,0.9411764705882353,8,adaptive_capacity_incremental,class_stage,0.9565217391304348,0.9263157894736842,1008,4,95
optdigits,0.9595959595959596,7,adaptive_capacity_incremental,class_stage,0.9405940594059405,0.979381443298969,1008,4,97
optdigits,0.9625668449197861,6,adaptive_capacity_incremental,class_stage,0.967741935483871,0.9574468085106383,1008,4,94
optdigits,0.96875,5,adaptive_capacity_incremental,class_stage,0.9489795918367347,0.9893617021276596,1008,4,94
optdigits,0.9253731343283582,4,adaptive_capacity_incremental,class_stage,0.8942307692307693,0.9587628865979382,1008,4,97
optdigits,0.8651685393258427,9,adaptive_capacity_incremental,class_stage,0.9390243902439024,0.8020833333333334,1008,5,96
optdigits,0.9405405405405406,8,adaptive_capacity_incremental,class_stage,0.9666666666666667,0.9157894736842105,1008,5,95
optdigits,0.9591836734693877,7,adaptive_capacity_incremental,class_stage,0.9494949494949495,0.9690721649484536,1008,5,97
optdigits,0.9893617021276596,6,adaptive_capacity_incremental,class_stage,0.9893617021276596,0.9893617021276596,1008,5,94
optdigits,0.9841269841269841,5,adaptive_capacity_incremental,class_stage,0.9789473684210527,0.9893617021276596,1008,5,94
optdigits,0.916256157635468,4,adaptive_capacity_incremental,class_stage,0.8773584905660378,0.9587628865979382,1008,5,97
optdigits,0.945273631840796,3,adaptive_capacity_incremental,class_stage,0.9134615384615384,0.979381443298969,1008,5,97
optdigits,0.8700564971751412,9,adaptive_capacity_incremental,class_stage,0.9506172839506173,0.8020833333333334,1008,6,96
optdigits,0.9340659340659341,8,adaptive_capacity_incremental,class_stage,0.9770114942528736,0.8947368421052632,1008,6,95
optdigits,0.9633507853403142,7,adaptive_capacity_incremental,class_stage,0.9787234042553191,0.9484536082474226,1008,6,97
optdigits,0.9732620320855615,6,adaptive_capacity_incremental,class_stage,0.978494623655914,0.9680851063829787,1008,6,94
optdigits,0.9738219895287958,5,adaptive_capacity_incremental,class_stage,0.9587628865979382,0.9893617021276596,1008,6,94
optdigits,0.926829268292683,4,adaptive_capacity_incremental,class_stage,0.8796296296296297,0.979381443298969,1008,6,97
optdigits,0.9509803921568627,3,adaptive_capacity_incremental,class_stage,0.9065420560747663,1.0,1008,6,97
optdigits,0.9637305699481865,2,adaptive_capacity_incremental,class_stage,0.9489795918367347,0.9789473684210527,1008,6,95
optdigits,0.8571428571428571,9,adaptive_capacity_incremental,class_stage,0.9493670886075949,0.78125,1008,7,96
optdigits,0.8888888888888888,8,adaptive_capacity_incremental,class_stage,0.9411764705882353,0.8421052631578947,1008,7,95
optdigits,0.9587628865979382,7,adaptive_capacity_incremental,class_stage,0.9587628865979382,0.9587628865979382,1008,7,97
optdigits,0.9789473684210527,6,adaptive_capacity_incremental,class_stage,0.96875,0.9893617021276596,1008,7,94
optdigits,0.968421052631579,5,adaptive_capacity_incremental,class_stage,0.9583333333333334,0.9787234042553191,1008,7,94
optdigits,0.9353233830845771,4,adaptive_capacity_incremental,class_stage,0.9038461538461539,0.9690721649484536,1008,7,97
optdigits,0.9743589743589743,3,adaptive_capacity_incremental,class_stage,0.9693877551020408,0.979381443298969,1008,7,97
optdigits,0.9528795811518325,2,adaptive_capacity_incremental,class_stage,0.9479166666666666,0.9578947368421052,1008,7,95
optdigits,0.9038461538461539,1,adaptive_capacity_incremental,class_stage,0.8468468468468469,0.9690721649484536,1008,7,97
optdigits,0.8488372093023255,9,adaptive_capacity_incremental,class_stage,0.9605263157894737,0.7604166666666666,1008,8,96
optdigits,0.8950276243093923,8,adaptive_capacity_incremental,class_stage,0.9418604651162791,0.8526315789473684,1008,8,95
optdigits,0.96875,7,adaptive_capacity_incremental,class_stage,0.9789473684210527,0.9587628865979382,1008,8,97
optdigits,0.967741935483871,6,adaptive_capacity_incremental,class_stage,0.9782608695652174,0.9574468085106383,1008,8,94
optdigits,0.968421052631579,5,adaptive_capacity_incremental,class_stage,0.9583333333333334,0.9787234042553191,1008,8,94
optdigits,0.9359605911330049,4,adaptive_capacity_incremental,class_stage,0.8962264150943396,0.979381443298969,1008,8,97
optdigits,0.9795918367346939,3,adaptive_capacity_incremental,class_stage,0.9696969696969697,0.9896907216494846,1008,8,97
optdigits,0.9629629629629629,2,adaptive_capacity_incremental,class_stage,0.9680851063829787,0.9578947368421052,1008,8,95
optdigits,0.8826291079812206,1,adaptive_capacity_incremental,class_stage,0.8103448275862069,0.9690721649484536,1008,8,97
optdigits,0.9894736842105263,0,adaptive_capacity_incremental,class_stage,0.9791666666666666,1.0,1008,8,94
optdigits,0.8554913294797688,9,adaptive_capacity_incremental,consolidation,0.961038961038961,0.7708333333333334,1008,9,96
optdigits,0.9,8,adaptive_capacity_incremental,consolidation,0.9529411764705882,0.8526315789473684,1008,9,95
optdigits,0.96875,7,adaptive_capacity_incremental,consolidation,0.9789473684210527,0.9587628865979382,1008,9,97
optdigits,0.9732620320855615,6,adaptive_capacity_incremental,consolidation,0.978494623655914,0.9680851063829787,1008,9,94
optdigits,0.9633507853403142,5,adaptive_capacity_incremental,consolidation,0.9484536082474226,0.9787234042553191,1008,9,94
optdigits,0.9359605911330049,4,adaptive_capacity_incremental,consolidation,0.8962264150943396,0.979381443298969,1008,9,97
optdigits,0.9795918367346939,3,adaptive_capacity_incremental,consolidation,0.9696969696969697,0.9896907216494846,1008,9,97
optdigits,0.9629629629629629,2,adaptive_capacity_incremental,consolidation,0.9680851063829787,0.9578947368421052,1008,9,95
optdigits,0.8909952606635071,1,adaptive_capacity_incremental,consolidation,0.8245614035087719,0.9690721649484536,1008,9,97
optdigits,0.9894736842105263,0,adaptive_capacity_incremental,consolidation,0.9791666666666666,1.0,1008,9,94
optdigits,0.9947089947089947,0,all_class_baseline,class_stage,0.9894736842105263,1.0,1009,0,94
optdigits,0.8962264150943396,1,all_class_baseline,class_stage,0.8260869565217391,0.979381443298969,1009,0,97
optdigits,0.9528795811518325,2,all_class_baseline,class_stage,0.9479166666666666,0.9578947368421052,1009,0,95
optdigits,0.9696969696969697,3,all_class_baseline,class_stage,0.9504950495049505,0.9896907216494846,1009,0,97
optdigits,0.95,4,all_class_baseline,class_stage,0.9223300970873787,0.979381443298969,1009,0,97
optdigits,0.9735449735449735,5,all_class_baseline,class_stage,0.968421052631579,0.9787234042553191,1009,0,94
optdigits,1.0,6,all_class_baseline,class_stage,1.0,1.0,1009,0,94
optdigits,0.9484536082474226,7,all_class_baseline,class_stage,0.9484536082474226,0.9484536082474226,1009,0,97
optdigits,0.9162011173184358,8,all_class_baseline,class_stage,0.9761904761904762,0.8631578947368421,1009,0,95
optdigits,0.8488372093023255,9,all_class_baseline,class_stage,0.9605263157894737,0.7604166666666666,1009,0,96
optdigits,0.968421052631579,9,fixed_capacity_incremental,class_stage,0.9787234042553191,0.9583333333333334,1009,0,96
optdigits,0.96875,8,fixed_capacity_incremental,class_stage,0.9587628865979382,0.9789473684210527,1009,0,95
optdigits,0.9411764705882353,9,fixed_capacity_incremental,class_stage,0.967032967032967,0.9166666666666666,1009,1,96
optdigits,0.9842931937172775,8,fixed_capacity_incremental,class_stage,0.9791666666666666,0.9894736842105263,1009,1,95
optdigits,0.9595959595959596,7,fixed_capacity_incremental,class_stage,0.9405940594059405,0.979381443298969,1009,1,97
optdigits,0.9111111111111111,9,fixed_capacity_incremental,class_stage,0.9761904761904762,0.8541666666666666,1009,2,96
optdigits,0.9574468085106383,8,fixed_capacity_incremental,class_stage,0.967741935483871,0.9473684210526315,1009,2,95
optdigits,0.9411764705882353,7,fixed_capacity_incremental,class_stage,0.897196261682243,0.9896907216494846,1009,2,97
optdigits,0.9791666666666666,6,fixed_capacity_incremental,class_stage,0.9591836734693877,1.0,1009,2,94
optdigits,0.875,9,fixed_capacity_incremental,class_stage,0.9625,0.8020833333333334,1009,3,96
optdigits,0.9513513513513514,8,fixed_capacity_incremental,class_stage,0.9777777777777777,0.9263157894736842,1009,3,95
optdigits,0.909952606635071,7,fixed_capacity_incremental,class_stage,0.8421052631578947,0.9896907216494846,1009,3,97
optdigits,0.9735449735449735,6,fixed_capacity_incremental,class_stage,0.968421052631579,0.9787234042553191,1009,3,94
optdigits,0.9528795811518325,5,fixed_capacity_incremental,class_stage,0.9381443298969072,0.9680851063829787,1009,3,94
optdigits,0.8813559322033898,9,fixed_capacity_incremental,class_stage,0.9629629629629629,0.8125,1009,4,96
optdigits,0.9508196721311475,8,fixed_capacity_incremental,class_stage,0.9886363636363636,0.9157894736842105,1009,4,95
optdigits,0.9538461538461539,7,fixed_capacity_incremental,class_stage,0.9489795918367347,0.9587628865979382,1009,4,97
optdigits,0.9787234042553191,6,fixed_capacity_incremental,class_stage,0.9787234042553191,0.9787234042553191,1009,4,94
optdigits,0.96875,5,fixed_capacity_incremental,class_stage,0.9489795918367347,0.9893617021276596,1009,4,94
optdigits,0.919431279620853,4,fixed_capacity_incremental,class_stage,0.8508771929824561,1.0,1009,4,97
optdigits,0.847457627118644,9,fixed_capacity_incremental,class_stage,0.9259259259259259,0.78125,1009,5,96
optdigits,0.9508196721311475,8,fixed_capacity_incremental,class_stage,0.9886363636363636,0.9157894736842105,1009,5,95
optdigits,0.9641025641025641,7,fixed_capacity_incremental,class_stage,0.9591836734693877,0.9690721649484536,1009,5,97
optdigits,0.9841269841269841,6,fixed_capacity_incremental,class_stage,0.9789473684210527,0.9893617021276596,1009,5,94
optdigits,0.9841269841269841,5,fixed_capacity_incremental,class_stage,0.9789473684210527,0.9893617021276596,1009,5,94
optdigits,0.9117647058823529,4,fixed_capacity_incremental,class_stage,0.8691588785046729,0.9587628865979382,1009,5,97
optdigits,0.9458128078817734,3,fixed_capacity_incremental,class_stage,0.9056603773584906,0.9896907216494846,1009,5,97
optdigits,0.8603351955307262,9,fixed_capacity_incremental,class_stage,0.927710843373494,0.8020833333333334,1009,6,96
optdigits,0.9444444444444444,8,fixed_capacity_incremental,class_stage,1.0,0.8947368421052632,1009,6,95
optdigits,0.9633507853403142,7,fixed_capacity_incremental,class_stage,0.9787234042553191,0.9484536082474226,1009,6,97
optdigits,0.9787234042553191,6,fixed_capacity_incremental,class_stage,0.9787234042553191,0.9787234042553191,1009,6,94
optdigits,0.9518716577540107,5,fixed_capacity_incremental,class_stage,0.956989247311828,0.9468085106382979,1009,6,94
optdigits,0.9261083743842364,4,fixed_capacity_incremental,class_stage,0.8867924528301887,0.9690721649484536,1009,6,97
optdigits,0.941747572815534,3,fixed_capacity_incremental,class_stage,0.8899082568807339,1.0,1009,6,97
optdigits,0.9591836734693877,2,fixed_capacity_incremental,class_stage,0.9306930693069307,0.9894736842105263,1009,6,95
optdigits,0.8323699421965318,9,fixed_capacity_incremental,class_stage,0.935064935064935,0.75,1009,7,96
optdigits,0.8786127167630058,8,fixed_capacity_incremental,class_stage,0.9743589743589743,0.8,1009,7,95
optdigits,0.9578947368421052,7,fixed_capacity_incremental,class_stage,0.978494623655914,0.9381443298969072,1009,7,97
optdigits,0.9732620320855615,6,fixed_capacity_incremental,class_stage,0.978494623655914,0.9680851063829787,1009,7,94
optdigits,0.9732620320855615,5,fixed_capacity_incremental,class_stage,0.978494623655914,0.9680851063829787,1009,7,94
optdigits,0.94,4,fixed_capacity_incremental,class_stage,0.912621359223301,0.9690721649484536,1009,7,97
optdigits,0.964824120603015,3,fixed_capacity_incremental,class_stage,0.9411764705882353,0.9896907216494846,1009,7,97
optdigits,0.9489795918367347,2,fixed_capacity_incremental,class_stage,0.9207920792079208,0.9789473684210527,1009,7,95
optdigits,0.8767123287671232,1,fixed_capacity_incremental,class_stage,0.7868852459016393,0.9896907216494846,1009,7,97
optdigits,0.8284023668639053,9,fixed_capacity_incremental,class_stage,0.958904109589041,0.7291666666666666,1009,8,96
optdigits,0.9142857142857143,8,fixed_capacity_incremental,class_stage,1.0,0.8421052631578947,1009,8,95
optdigits,0.9533678756476683,7,fixed_capacity_incremental,class_stage,0.9583333333333334,0.9484536082474226,1009,8,97
optdigits,0.978494623655914,6,fixed_capacity_incremental,class_stage,0.9891304347826086,0.9680851063829787,1009,8,94
optdigits,0.9789473684210527,5,fixed_capacity_incremental,class_stage,0.96875,0.9893617021276596,1009,8,94
optdigits,0.9552238805970149,4,fixed_capacity_incremental,class_stage,0.9230769230769231,0.9896907216494846,1009,8,97
optdigits,0.9693877551020408,3,fixed_capacity_incremental,class_stage,0.9595959595959596,0.979381443298969,1009,8,97
optdigits,0.9641025641025641,2,fixed_capacity_incremental,class_stage,0.94,0.9894736842105263,1009,8,95
optdigits,0.8755760368663594,1,fixed_capacity_incremental,class_stage,0.7916666666666666,0.979381443298969,1009,8,97
optdigits,0.9894736842105263,0,fixed_capacity_incremental,class_stage,0.9791666666666666,1.0,1009,8,94
optdigits,0.8439306358381503,9,fixed_capacity_incremental,consolidation,0.948051948051948,0.7604166666666666,1009,9,96
optdigits,0.9152542372881356,8,fixed_capacity_incremental,consolidation,0.9878048780487805,0.8526315789473684,1009,9,95
optdigits,0.9633507853403142,7,fixed_capacity_incremental,consolidation,0.9787234042553191,0.9484536082474226,1009,9,97
optdigits,0.983957219251337,6,fixed_capacity_incremental,consolidation,0.989247311827957,0.9787234042553191,1009,9,94
optdigits,0.968421052631579,5,fixed_capacity_incremental,consolidation,0.9583333333333334,0.9787234042553191,1009,9,94
optdigits,0.9696969696969697,4,fixed_capacity_incremental,consolidation,0.9504950495049505,0.9896907216494846,1009,9,97
optdigits,0.9693877551020408,3,fixed_capacity_incremental,consolidation,0.9595959595959596,0.979381443298969,1009,9,97
optdigits,0.9690721649484536,2,fixed_capacity_incremental,consolidation,0.9494949494949495,0.9894736842105263,1009,9,95
optdigits,0.8847926267281107,1,fixed_capacity_incremental,consolidation,0.8,0.9896907216494846,1009,9,97
optdigits,0.9947089947089947,0,fixed_capacity_incremental,consolidation,0.9894736842105263,1.0,1009,9,94
optdigits,0.9468085106382979,9,adaptive_capacity_incremental,class_stage,0.967391304347826,0.9270833333333334,1009,0,96
optdigits,0.9484536082474226,8,adaptive_capacity_incremental,class_stage,0.9292929292929293,0.968421052631579,1009,0,95
optdigits,0.9347826086956522,9,adaptive_capacity_incremental,class_stage,0.9772727272727273,0.8958333333333334,1009,1,96
optdigits,0.9633507853403142,8,adaptive_capacity_incremental,class_stage,0.9583333333333334,0.968421052631579,1009,1,95
optdigits,0.9651741293532339,7,adaptive_capacity_incremental,class_stage,0.9326923076923077,1.0,1009,1,97
optdigits,0.9222222222222223,9,adaptive_capacity_incremental,class_stage,0.9880952380952381,0.8645833333333334,1009,2,96
optdigits,0.93048128342246,8,adaptive_capacity_incremental,class_stage,0.9456521739130435,0.9157894736842105,1009,2,95
optdigits,0.9556650246305419,7,adaptive_capacity_incremental,class_stage,0.9150943396226415,1.0,1009,2,97
optdigits,0.9484536082474226,6,adaptive_capacity_incremental,class_stage,0.92,0.9787234042553191,1009,2,94
optdigits,0.9120879120879121,9,adaptive_capacity_incremental,class_stage,0.9651162790697675,0.8645833333333334,1009,3,96
optdigits,0.9574468085106383,8,adaptive_capacity_incremental,class_stage,0.967741935483871,0.9473684210526315,1009,3,95
optdigits,0.9411764705882353,7,adaptive_capacity_incremental,class_stage,0.897196261682243,0.9896907216494846,1009,3,97
optdigits,0.9841269841269841,6,adaptive_capacity_incremental,class_stage,0.9789473684210527,0.9893617021276596,1009,3,94
optdigits,0.9841269841269841,5,adaptive_capacity_incremental,class_stage,0.9789473684210527,0.9893617021276596,1009,3,94
optdigits,0.898876404494382,9,adaptive_capacity_incremental,class_stage,0.975609756097561,0.8333333333333334,1009,4,96
optdigits,0.9523809523809523,8,adaptive_capacity_incremental,class_stage,0.9574468085106383,0.9473684210526315,1009,4,95
optdigits,0.9591836734693877,7,adaptive_capacity_incremental,class_stage,0.9494949494949495,0.9690721649484536,1009,4,97
optdigits,0.968421052631579,6,adaptive_capacity_incremental,class_stage,0.9583333333333334,0.9787234042553191,1009,4,94
optdigits,0.9841269841269841,5,adaptive_capacity_incremental,class_stage,0.9789473684210527,0.9893617021276596,1009,4,94
optdigits,0.9117647058823529,4,adaptive_capacity_incremental,class_stage,0.8691588785046729,0.9587628865979382,1009,4,97
optdigits,0.8700564971751412,9,adaptive_capacity_incremental,class_stage,0.9506172839506173,0.8020833333333334,1009,5,96
optdigits,0.967741935483871,8,adaptive_capacity_incremental,class_stage,0.989010989010989,0.9473684210526315,1009,5,95
optdigits,0.9484536082474226,7,adaptive_capacity_incremental,class_stage,0.9484536082474226,0.9484536082474226,1009,5,97
optdigits,0.9947089947089947,6,adaptive_capacity_incremental,class_stage,0.9894736842105263,1.0,1009,5,94
optdigits,0.9841269841269841,5,adaptive_capacity_incremental,class_stage,0.9789473684210527,0.9893617021276596,1009,5,94
optdigits,0.9215686274509803,4,adaptive_capacity_incremental,class_stage,0.8785046728971962,0.9690721649484536,1009,5,97
optdigits,0.945273631840796,3,adaptive_capacity_incremental,class_stage,0.9134615384615384,0.979381443298969,1009,5,97
optdigits,0.8505747126436781,9,adaptive_capacity_incremental,class_stage,0.9487179487179487,0.7708333333333334,1009,6,96
optdigits,0.945054945054945,8,adaptive_capacity_incremental,class_stage,0.9885057471264368,0.9052631578947369,1009,6,95
optdigits,0.9587628865979382,7,adaptive_capacity_incremental,class_stage,0.9587628865979382,0.9587628865979382,1009,6,97
optdigits,0.9841269841269841,6,adaptive_capacity_incremental,class_stage,0.9789473684210527,0.9893617021276596,1009,6,94
optdigits,0.9633507853403142,5,adaptive_capacity_incremental,class_stage,0.9484536082474226,0.9787234042553191,1009,6,94
optdigits,0.9359605911330049,4,adaptive_capacity_incremental,class_stage,0.8962264150943396,0.979381443298969,1009,6,97
optdigits,0.9411764705882353,3,adaptive_capacity_incremental,class_stage,0.897196261682243,0.9896907216494846,1009,6,97
optdigits,0.9637305699481865,2,adaptive_capacity_incremental,class_stage,0.9489795918367347,0.9789473684210527,1009,6,95
optdigits,0.8488372093023255,9,adaptive_capacity_incremental,class_stage,0.9605263157894737,0.7604166666666666,1009,7,96
optdigits,0.9021739130434783,8,adaptive_capacity_incremental,class_stage,0.9325842696629213,0.8736842105263158,1009,7,95
optdigits,0.96875,7,adaptive_capacity_incremental,class_stage,0.9789473684210527,0.9587628865979382,1009,7,97
optdigits,0.9894736842105263,6,adaptive_capacity_incremental,class_stage,0.9791666666666666,1.0,1009,7,94
optdigits,0.9633507853403142,5,adaptive_capacity_incremental,class_stage,0.9484536082474226,0.9787234042553191,1009,7,94
optdigits,0.9447236180904522,4,adaptive_capacity_incremental,class_stage,0.9215686274509803,0.9690721649484536,1009,7,97
optdigits,0.9795918367346939,3,adaptive_capacity_incremental,class_stage,0.9696969696969697,0.9896907216494846,1009,7,97
optdigits,0.9629629629629629,2,adaptive_capacity_incremental,class_stage,0.9680851063829787,0.9578947368421052,1009,7,95
optdigits,0.9004739336492891,1,adaptive_capacity_incremental,class_stage,0.8333333333333334,0.979381443298969,1009,7,97
optdigits,0.8170731707317073,9,adaptive_capacity_incremental,class_stage,0.9852941176470589,0.6979166666666666,1009,8,96
optdigits,0.9010989010989011,8,adaptive_capacity_incremental,class_stage,0.9425287356321839,0.8631578947368421,1009,8,95
optdigits,0.9690721649484536,7,adaptive_capacity_incremental,class_stage,0.9690721649484536,0.9690721649484536,1009,8,97
optdigits,0.9837837837837838,6,adaptive_capacity_incremental,class_stage,1.0,0.9680851063829787,1009,8,94
optdigits,0.9629629629629629,5,adaptive_capacity_incremental,class_stage,0.9578947368421052,0.9680851063829787,1009,8,94
optdigits,0.9320388349514563,4,adaptive_capacity_incremental,class_stage,0.8807339449541285,0.9896907216494846,1009,8,97
optdigits,0.9795918367346939,3,adaptive_capacity_incremental,class_stage,0.9696969696969697,0.9896907216494846,1009,8,97
optdigits,0.9528795811518325,2,adaptive_capacity_incremental,class_stage,0.9479166666666666,0.9578947368421052,1009,8,95
optdigits,0.9014084507042254,1,adaptive_capacity_incremental,class_stage,0.8275862068965517,0.9896907216494846,1009,8,97
optdigits,0.9791666666666666,0,adaptive_capacity_incremental,class_stage,0.9591836734693877,1.0,1009,8,94
optdigits,0.8402366863905325,9,adaptive_capacity_incremental,consolidation,0.9726027397260274,0.7395833333333334,1009,9,96
optdigits,0.907103825136612,8,adaptive_capacity_incremental,consolidation,0.9431818181818182,0.8736842105263158,1009,9,95
optdigits,0.9690721649484536,7,adaptive_capacity_incremental,consolidation,0.9690721649484536,0.9690721649484536,1009,9,97
optdigits,0.9782608695652174,6,adaptive_capacity_incremental,consolidation,1.0,0.9574468085106383,1009,9,94
optdigits,0.968421052631579,5,adaptive_capacity_incremental,consolidation,0.9583333333333334,0.9787234042553191,1009,9,94
optdigits,0.9458128078817734,4,adaptive_capacity_incremental,consolidation,0.9056603773584906,0.9896907216494846,1009,9,97
optdigits,0.9743589743589743,3,adaptive_capacity_incremental,consolidation,0.9693877551020408,0.979381443298969,1009,9,97
optdigits,0.9680851063829787,2,adaptive_capacity_incremental,consolidation,0.978494623655914,0.9578947368421052,1009,9,95
optdigits,0.8837209302325582,1,adaptive_capacity_incremental,consolidation,0.8050847457627118,0.979381443298969,1009,9,97
optdigits,0.9842931937172775,0,adaptive_capacity_incremental,consolidation,0.9690721649484536,1.0,1009,9,94
optdigits,0.9894736842105263,0,all_class_baseline,class_stage,0.9791666666666666,1.0,1010,0,94
optdigits,0.9047619047619048,1,all_class_baseline,class_stage,0.8407079646017699,0.979381443298969,1010,0,97
optdigits,0.9633507853403142,2,all_class_baseline,class_stage,0.9583333333333334,0.968421052631579,1010,0,95
optdigits,0.9844559585492227,3,all_class_baseline,class_stage,0.9895833333333334,0.979381443298969,1010,0,97
optdigits,0.96,4,all_class_baseline,class_stage,0.9320388349514563,0.9896907216494846,1010,0,97
optdigits,0.9735449735449735,5,all_class_baseline,class_stage,0.968421052631579,0.9787234042553191,1010,0,94
optdigits,0.9894736842105263,6,all_class_baseline,class_stage,0.9791666666666666,1.0,1010,0,94
optdigits,0.9637305699481865,7,all_class_baseline,class_stage,0.96875,0.9587628865979382,1010,0,97
optdigits,0.898876404494382,8,all_class_baseline,class_stage,0.963855421686747,0.8421052631578947,1010,0,95
optdigits,0.8764044943820225,9,all_class_baseline,class_stage,0.9512195121951219,0.8125,1010,0,96
optdigits,0.9789473684210527,9,fixed_capacity_incremental,class_stage,0.9893617021276596,0.96875,1010,0,96
optdigits,0.9791666666666666,8,fixed_capacity_incremental,class_stage,0.9690721649484536,0.9894736842105263,1010,0,95
optdigits,0.9152542372881356,9,fixed_capacity_incremental,class_stage,1.0,0.84375,1010,1,96
optdigits,0.9740932642487047,8,fixed_capacity_incremental,class_stage,0.9591836734693877,0.9894736842105263,1010,1,95
optdigits,0.9320388349514563,7,fixed_capacity_incremental,class_stage,0.8807339449541285,0.9896907216494846,1010,1,97
optdigits,0.9081081081081082,9,fixed_capacity_incremental,class_stage,0.9438202247191011,0.875,1010,2,96
optdigits,0.9523809523809523,8,fixed_capacity_incremental,class_stage,0.9574468085106383,0.9473684210526315,1010,2,95
optdigits,0.96,7,fixed_capacity_incremental,class_stage,0.9320388349514563,0.9896907216494846,1010,2,97
optdigits,0.9894736842105263,6,fixed_capacity_incremental,class_stage,0.9791666666666666,1.0,1010,2,94
optdigits,0.8950276243093923,9,fixed_capacity_incremental,class_stage,0.9529411764705882,0.84375,1010,3,96
optdigits,0.9637305699481865,8,fixed_capacity_incremental,class_stage,0.9489795918367347,0.9789473684210527,1010,3,95
optdigits,0.94,7,fixed_capacity_incremental,class_stage,0.912621359223301,0.9690721649484536,1010,3,97
optdigits,1.0,6,fixed_capacity_incremental,class_stage,1.0,1.0,1010,3,94
optdigits,0.9789473684210527,5,fixed_capacity_incremental,class_stage,0.96875,0.9893617021276596,1010,3,94
optdigits,0.8764044943820225,9,fixed_capacity_incremental,class_stage,0.9512195121951219,0.8125,1010,4,96
optdigits,0.956989247311828,8,fixed_capacity_incremental,class_stage,0.978021978021978,0.9368421052631579,1010,4,95
optdigits,0.9641025641025641,7,fixed_capacity_incremental,class_stage,0.9591836734693877,0.9690721649484536,1010,4,97
optdigits,0.989247311827957,6,fixed_capacity_incremental,class_stage,1.0,0.9787234042553191,1010,4,94
optdigits,0.9587628865979382,5,fixed_capacity_incremental,class_stage,0.93,0.9893617021276596,1010,4,94
optdigits,0.9371980676328503,4,fixed_capacity_incremental,class_stage,0.8818181818181818,1.0,1010,4,97
optdigits,0.8651685393258427,9,fixed_capacity_incremental,class_stage,0.9390243902439024,0.8020833333333334,1010,5,96
optdigits,0.9508196721311475,8,fixed_capacity_incremental,class_stage,0.9886363636363636,0.9157894736842105,1010,5,95
optdigits,0.9578947368421052,7,fixed_capacity_incremental,class_stage,0.978494623655914,0.9381443298969072,1010,5,97
optdigits,0.9946524064171123,6,fixed_capacity_incremental,class_stage,1.0,0.9893617021276596,1010,5,94
optdigits,0.9738219895287958,5,fixed_capacity_incremental,class_stage,0.9587628865979382,0.9893617021276596,1010,5,94
optdigits,0.9004739336492891,4,fixed_capacity_incremental,class_stage,0.8333333333333334,0.979381443298969,1010,5,97
optdigits,0.95,3,fixed_capacity_incremental,class_stage,0.9223300970873787,0.979381443298969,1010,5,97
optdigits,0.8735632183908046,9,fixed_capacity_incremental,class_stage,0.9743589743589743,0.7916666666666666,1010,6,96
optdigits,0.9405405405405406,8,fixed_capacity_incremental,class_stage,0.9666666666666667,0.9157894736842105,1010,6,95
optdigits,0.9629629629629629,7,fixed_capacity_incremental,class_stage,0.9891304347826086,0.9381443298969072,1010,6,97
optdigits,0.9946524064171123,6,fixed_capacity_incremental,class_stage,1.0,0.9893617021276596,1010,6,94
optdigits,0.9787234042553191,5,fixed_capacity_incremental,class_stage,0.9787234042553191,0.9787234042553191,1010,6,94
optdigits,0.9230769230769231,4,fixed_capacity_incremental,class_stage,0.8648648648648649,0.9896907216494846,1010,6,97
optdigits,0.9651741293532339,3,fixed_capacity_incremental,class_stage,0.9326923076923077,1.0,1010,6,97
optdigits,0.9494949494949495,2,fixed_capacity_incremental,class_stage,0.912621359223301,0.9894736842105263,1010,6,95
optdigits,0.8047337278106509,9,fixed_capacity_incremental,class_stage,0.9315068493150684,0.7083333333333334,1010,7,96
optdigits,0.8994708994708994,8,fixed_capacity_incremental,class_stage,0.9042553191489362,0.8947368421052632,1010,7,95
optdigits,0.9435897435897436,7,fixed_capacity_incremental,class_stage,0.9387755102040817,0.9484536082474226,1010,7,97
optdigits,0.9946524064171123,6,fixed_capacity_incremental,class_stage,1.0,0.9893617021276596,1010,7,94
optdigits,0.9787234042553191,5,fixed_capacity_incremental,class_stage,0.9787234042553191,0.9787234042553191,1010,7,94
optdigits,0.9644670050761421,4,fixed_capacity_incremental,class_stage,0.95,0.979381443298969,1010,7,97
optdigits,0.979381443298969,3,fixed_capacity_incremental,class_stage,0.979381443298969,0.979381443298969,1010,7,97
optdigits,0.96875,2,fixed_capacity_incremental,class_stage,0.9587628865979382,0.9789473684210527,1010,7,95
optdigits,0.892018779342723,1,fixed_capacity_incremental,class_stage,0.8189655172413793,0.979381443298969,1010,7,97
optdigits,0.8488372093023255,9,fixed_capacity_incremental,class_stage,0.9605263157894737,0.7604166666666666,1010,8,96
optdigits,0.9010989010989011,8,fixed_capacity_incremental,class_stage,0.9425287356321839,0.8631578947368421,1010,8,95
optdigits,0.9633507853403142,7,fixed_capacity_incremental,class_stage,0.9787234042553191,0.9484536082474226,1010,8,97
optdigits,0.9893617021276596,6,fixed_capacity_incremental,class_stage,0.9893617021276596,0.9893617021276596,1010,8,94
optdigits,0.9633507853403142,5,fixed_capacity_incremental,class_stage,0.9484536082474226,0.9787234042553191,1010,8,94
optdigits,0.964824120603015,4,fixed_capacity_incremental,class_stage,0.9411764705882353,0.9896907216494846,1010,8,97
optdigits,0.9795918367346939,3,fixed_capacity_incremental,class_stage,0.9696969696969697,0.9896907216494846,1010,8,97
optdigits,0.9789473684210527,2,fixed_capacity_incremental,class_stage,0.9789473684210527,0.9789473684210527,1010,8,95
optdigits,0.892018779342723,1,fixed_capacity_incremental,class_stage,0.8189655172413793,0.979381443298969,1010,8,97
optdigits,0.9894736842105263,0,fixed_capacity_incremental,class_stage,0.9791666666666666,1.0,1010,8,94
optdigits,0.8554913294797688,9,fixed_capacity_incremental,consolidation,0.961038961038961,0.7708333333333334,1010,9,96
optdigits,0.9130434782608695,8,fixed_capacity_incremental,consolidation,0.9438202247191011,0.8842105263157894,1010,9,95
optdigits,0.9587628865979382,7,fixed_capacity_incremental,consolidation,0.9587628865979382,0.9587628865979382,1010,9,97
optdigits,0.9947089947089947,6,fixed_capacity_incremental,consolidation,0.9894736842105263,1.0,1010,9,94
optdigits,0.968421052631579,5,fixed_capacity_incremental,consolidation,0.9583333333333334,0.9787234042553191,1010,9,94
optdigits,0.9746192893401016,4,fixed_capacity_incremental,consolidation,0.96,0.9896907216494846,1010,9,97
optdigits,0.9846153846153847,3,fixed_capacity_incremental,consolidation,0.9795918367346939,0.9896907216494846,1010,9,97
optdigits,0.9894736842105263,2,fixed_capacity_incremental,consolidation,0.9894736842105263,0.9894736842105263,1010,9,95
optdigits,0.9090909090909091,1,fixed_capacity_incremental,consolidation,0.8482142857142857,0.979381443298969,1010,9,97
optdigits,0.9842931937172775,0,fixed_capacity_incremental,consolidation,0.9690721649484536,1.0,1010,9,94
optdigits,0.9479166666666666,9,adaptive_capacity_incremental,class_stage,0.9479166666666666,0.9479166666666666,1010,0,96
optdigits,0.9473684210526315,8,adaptive_capacity_incremental,class_stage,0.9473684210526315,0.9473684210526315,1010,0,95
optdigits,0.9171270718232044,9,adaptive_capacity_incremental,class_stage,0.9764705882352941,0.8645833333333334,1010,1,96
optdigits,0.9740932642487047,8,adaptive_capacity_incremental,class_stage,0.9591836734693877,0.9894736842105263,1010,1,95
optdigits,0.9504950495049505,7,adaptive_capacity_incremental,class_stage,0.9142857142857143,0.9896907216494846,1010,1,97
optdigits,0.9222222222222223,9,adaptive_capacity_incremental,class_stage,0.9880952380952381,0.8645833333333334,1010,2,96
optdigits,0.9430051813471503,8,adaptive_capacity_incremental,class_stage,0.9285714285714286,0.9578947368421052,1010,2,95
optdigits,0.9353233830845771,7,adaptive_capacity_incremental,class_stage,0.9038461538461539,0.9690721649484536,1010,2,97
optdigits,0.9789473684210527,6,adaptive_capacity_incremental,class_stage,0.96875,0.9893617021276596,1010,2,94
optdigits,0.8645833333333334,9,adaptive_capacity_incremental,class_stage,0.8645833333333334,0.8645833333333334,1010,3,96
optdigits,0.9375,8,adaptive_capacity_incremental,class_stage,0.9278350515463918,0.9473684210526315,1010,3,95
optdigits,0.93,7,adaptive_capacity_incremental,class_stage,0.9029126213592233,0.9587628865979382,1010,3,97
optdigits,0.9735449735449735,6,adaptive_capacity_incremental,class_stage,0.968421052631579,0.9787234042553191,1010,3,94
optdigits,0.9050279329608939,5,adaptive_capacity_incremental,class_stage,0.9529411764705882,0.8617021276595744,1010,3,94
optdigits,0.8813559322033898,9,adaptive_capacity_incremental,class_stage,0.9629629629629629,0.8125,1010,4,96
optdigits,0.9523809523809523,8,adaptive_capacity_incremental,class_stage,0.9574468085106383,0.9473684210526315,1010,4,95
optdigits,0.9346733668341709,7,adaptive_capacity_incremental,class_stage,0.9117647058823529,0.9587628865979382,1010,4,97
optdigits,0.983957219251337,6,adaptive_capacity_incremental,class_stage,0.989247311827957,0.9787234042553191,1010,4,94
optdigits,0.9633507853403142,5,adaptive_capacity_incremental,class_stage,0.9484536082474226,0.9787234042553191,1010,4,94
optdigits,0.916256157635468,4,adaptive_capacity_incremental,class_stage,0.8773584905660378,0.9587628865979382,1010,4,97
optdigits,0.8764044943820225,9,adaptive_capacity_incremental,class_stage,0.9512195121951219,0.8125,1010,5,96
optdigits,0.956989247311828,8,adaptive_capacity_incremental,class_stage,0.978021978021978,0.9368421052631579,1010,5,95
optdigits,0.9375,7,adaptive_capacity_incremental,class_stage,0.9473684210526315,0.9278350515463918,1010,5,97
optdigits,0.9946524064171123,6,adaptive_capacity_incremental,class_stage,1.0,0.9893617021276596,1010,5,94
optdigits,0.9789473684210527,5,adaptive_capacity_incremental,class_stage,0.96875,0.9893617021276596,1010,5,94
optdigits,0.9029126213592233,4,adaptive_capacity_incremental,class_stage,0.8532110091743119,0.9587628865979382,1010,5,97
optdigits,0.945273631840796,3,adaptive_capacity_incremental,class_stage,0.9134615384615384,0.979381443298969,1010,5,97
optdigits,0.8700564971751412,9,adaptive_capacity_incremental,class_stage,0.9506172839506173,0.8020833333333334,1010,6,96
optdigits,0.9405405405405406,8,adaptive_capacity_incremental,class_stage,0.9666666666666667,0.9157894736842105,1010,6,95
optdigits,0.9533678756476683,7,adaptive_capacity_incremental,class_stage,0.9583333333333334,0.9484536082474226,1010,6,97
optdigits,0.9837837837837838,6,adaptive_capacity_incremental,class_stage,1.0,0.9680851063829787,1010,6,94
optdigits,0.9738219895287958,5,adaptive_capacity_incremental,class_stage,0.9587628865979382,0.9893617021276596,1010,6,94
optdigits,0.9064039408866995,4,adaptive_capacity_incremental,class_stage,0.8679245283018868,0.9484536082474226,1010,6,97
optdigits,0.9458128078817734,3,adaptive_capacity_incremental,class_stage,0.9056603773584906,0.9896907216494846,1010,6,97
optdigits,0.9740932642487047,2,adaptive_capacity_incremental,class_stage,0.9591836734693877,0.9894736842105263,1010,6,95
optdigits,0.8342857142857143,9,adaptive_capacity_incremental,class_stage,0.9240506329113924,0.7604166666666666,1010,7,96
optdigits,0.8913043478260869,8,adaptive_capacity_incremental,class_stage,0.9213483146067416,0.8631578947368421,1010,7,95
optdigits,0.9629629629629629,7,adaptive_capacity_incremental,class_stage,0.9891304347826086,0.9381443298969072,1010,7,97
optdigits,0.9837837837837838,6,adaptive_capacity_incremental,class_stage,1.0,0.9680851063829787,1010,7,94
optdigits,0.968421052631579,5,adaptive_capacity_incremental,class_stage,0.9583333333333334,0.9787234042553191,1010,7,94
optdigits,0.9447236180904522,4,adaptive_capacity_incremental,class_stage,0.9215686274509803,0.9690721649484536,1010,7,97
optdigits,0.9746192893401016,3,adaptive_capacity_incremental,class_stage,0.96,0.9896907216494846,1010,7,97
optdigits,0.9430051813471503,2,adaptive_capacity_incremental,class_stage,0.9285714285714286,0.9578947368421052,1010,7,95
optdigits,0.9056603773584906,1,adaptive_capacity_incremental,class_stage,0.8347826086956521,0.9896907216494846,1010,7,97
optdigits,0.8072289156626506,9,adaptive_capacity_incremental,class_stage,0.9571428571428572,0.6979166666666666,1010,8,96
optdigits,0.9021739130434783,8,adaptive_capacity_incremental,class_stage,0.9325842696629213,0.8736842105263158,1010,8,95
optdigits,0.9587628865979382,7,adaptive_capacity_incremental,class_stage,0.9587628865979382,0.9587628865979382,1010,8,97
optdigits,0.9787234042553191,6,adaptive_capacity_incremental,class_stage,0.9787234042553191,0.9787234042553191,1010,8,94
optdigits,0.9735449735449735,5,adaptive_capacity_incremental,class_stage,0.968421052631579,0.9787234042553191,1010,8,94
optdigits,0.9405940594059405,4,adaptive_capacity_incremental,class_stage,0.9047619047619048,0.979381443298969,1010,8,97
optdigits,0.9644670050761421,3,adaptive_capacity_incremental,class_stage,0.95,0.979381443298969,1010,8,97
optdigits,0.968421052631579,2,adaptive_capacity_incremental,class_stage,0.968421052631579,0.968421052631579,1010,8,95
optdigits,0.9056603773584906,1,adaptive_capacity_incremental,class_stage,0.8347826086956521,0.9896907216494846,1010,8,97
optdigits,0.9894736842105263,0,adaptive_capacity_incremental,class_stage,0.9791666666666666,1.0,1010,8,94
optdigits,0.8304093567251462,9,adaptive_capacity_incremental,consolidation,0.9466666666666667,0.7395833333333334,1010,9,96
optdigits,0.9130434782608695,8,adaptive_capacity_incremental,consolidation,0.9438202247191011,0.8842105263157894,1010,9,95
optdigits,0.9690721649484536,7,adaptive_capacity_incremental,consolidation,0.9690721649484536,0.9690721649484536,1010,9,97
optdigits,0.9787234042553191,6,adaptive_capacity_incremental,consolidation,0.9787234042553191,0.9787234042553191,1010,9,94
optdigits,0.9735449735449735,5,adaptive_capacity_incremental,consolidation,0.968421052631579,0.9787234042553191,1010,9,94
optdigits,0.95,4,adaptive_capacity_incremental,consolidation,0.9223300970873787,0.979381443298969,1010,9,97
optdigits,0.9743589743589743,3,adaptive_capacity_incremental,consolidation,0.9693877551020408,0.979381443298969,1010,9,97
optdigits,0.968421052631579,2,adaptive_capacity_incremental,consolidation,0.968421052631579,0.968421052631579,1010,9,95
optdigits,0.8952380952380953,1,adaptive_capacity_incremental,consolidation,0.831858407079646,0.9690721649484536,1010,9,97
optdigits,0.9842931937172775,0,adaptive_capacity_incremental,consolidation,0.9690721649484536,1.0,1010,9,94
